brand_name,model_name,store_name,store_id,price_brl,url,is_active,id,paddle_id,last_updated,version_id
Franklin,Youth Rock Star Infantil Sealife,yoSports,17,549.0,https://yosports.com.br/products/raquete-de-pickleball-franklin-youth-rock-star-infantil-sealife,True,47,68359f91-a1e8-4188-92bc-558fe4b3e6e8,2026-03-22 20:48:08.748434,
Franklin,Youth Rock Star Infantil Ice Cream,yoSports,17,549.0,https://yosports.com.br/products/raquete-de-pickleball-franklin-youth-rock-star-infantil-ice-cream,True,48,d94d46da-2838-48be-b3bb-358012e5b0bd,2026-03-22 20:48:08.754719,
Franklin,Fs Tour Series Tempo 14Mm - Carbono Bruto T700,yoSports,17,1399.0,https://yosports.com.br/products/raquete-de-pickleball-franklin-fs-tour-series-tempo-14mm-carbono-bruto-t700,True,49,8dca46f7-22fb-4698-a498-84139fa255e3,2026-03-22 20:48:08.760952,
Franklin,Fs Tour Series Tempo 16Mm - Carbono Bruto T700,yoSports,17,1399.0,https://yosports.com.br/products/raquete-de-pickleball-franklin-fs-tour-series-tempo-16mm-carbono-bruto-t700,True,50,38d8de3a-5a10-4d04-82d6-7b8c4c3cf97e,2026-03-22 20:48:08.766091,
Franklin,Fs Tour Series Dynasty 14Mm - Carbono Bruto T700,yoSports,17,1399.0,https://yosports.com.br/products/raquete-de-pickleball-franklin-fs-tour-series-dynasty-14mm-carbono-bruto-t700,True,51,51cc75af-5aec-46e9-9749-16d51e5716ce,2026-03-22 20:48:08.769756,
Franklin,Fs Tour Series Dynasty 16Mm - Carbono Bruto T700,yoSports,17,1399.0,https://yosports.com.br/products/raquete-de-pickleball-franklin-fs-tour-series-dynasty-16mm-carbono-bruto-t700,True,52,4e179e81-aaf9-4ecc-83b0-90c1036d9bf4,2026-03-22 20:48:08.773795,
Franklin,Pro C45 Tempo 14Mm - Carbono T700,yoSports,17,1999.0,https://yosports.com.br/products/raquete-de-pickleball-franklin-pro-c45-tempo-14mm-carbono-t700,True,53,d6fb3304-3664-4272-9ef2-f854c12872dc,2026-03-22 20:48:08.779384,
Franklin,Pro C45 Hybrid 14Mm - Carbono T700,yoSports,17,1999.0,https://yosports.com.br/products/raquete-de-pickleball-franklin-c45-hybrid-14mm-carbono-t700,True,54,bbd9f0b7-d95a-4cb8-8320-40d8bd37c55e,2026-03-22 20:48:08.783804,
Franklin,Pro C45 Dynasty 16Mm - Carbono T700,yoSports,17,1999.0,https://yosports.com.br/products/raquete-de-pickleball-franklin-dinasty-16mm,True,55,9b2dd1a0-3d5a-4edf-9fe0-a8fb97b07f11,2026-03-22 20:48:08.788944,
Franklin,Pro C45 Dynasty 14Mm - Carbono T700,yoSports,17,1999.0,https://yosports.com.br/products/raquete-de-pickleball-franklin-dinasty-14mm,True,56,b0148ae4-93fc-467b-88c6-283c3babb900,2026-03-22 20:48:08.793995,
Joola,Steffi Graf Pro V -,yoSports,17,1999.0,https://yosports.com.br/products/raquete-de-pickleball-joola-steffi-graf-pro-v-16mm,True,57,77aff234-715e-4201-a245-37abcad349f6,2026-03-22 20:48:08.800488,
Joola,Hyperion Pro V Ben Johns -,yoSports,17,1999.0,https://yosports.com.br/products/raquete-de-pickleball-joola-joola-hyperion-pro-v-ben-johns-16mm,True,58,efbd9c57-8a8e-45c8-9ed2-b7ea9df33e49,2026-03-22 20:48:08.808880,
Joola,Scorpeus Pro V Collin Johns -,yoSports,17,1999.0,https://yosports.com.br/products/raquete-de-pickleball-joola-scorpeus-pro-v-collin-johns-16mm,True,59,ef54f988-c3e1-42fc-b52f-ee0b2340ea15,2026-03-22 20:48:08.815344,
Joola,Scorpeus Pro V Anna Bright -,yoSports,17,1999.0,https://yosports.com.br/products/raquete-de-pickleball-joola-scorpeus-pro-v-anna-bright-16mm,True,60,d9909197-3ab4-49fb-ade0-135b3397e102,2026-03-22 20:48:08.823720,
Joola,Kosmos Pro V - 14Mm - Tyson Mcguffin,yoSports,17,1999.0,https://yosports.com.br/products/raquete-de-pickleball-joola-kosmos-pro-v-14mm-tyson-mcguffin,True,61,22786c85-ed5d-486c-9ceb-5d944e0132c6,2026-03-22 20:48:08.828489,
Joola,Perseus Pro V - 16Mm Simone Jardim,yoSports,17,1999.0,https://yosports.com.br/products/raquete-de-pickleball-joola-perseus-pro-v-simone-jardim-16mm,True,63,638dad7f-acbf-43e7-ae6e-7ba4cd11b0d8,2026-03-22 20:48:08.837394,
Joola,Perseus Pro V Ben Johns -,yoSports,17,1999.0,https://yosports.com.br/products/raquete-de-pickleball-joola-perseus-pro-v-ben-johns-16mm,True,62,5562ee59-267c-4cb0-b33c-d5b0ce1f593c,2026-03-22 20:48:08.840715,
Joola,Kosmos Pro V - 16Mm - Federico Staksrud,yoSports,17,1999.0,https://yosports.com.br/products/raquete-de-pickleball-joola-kosmos-pro-v-16mm-federico-staksrud,True,65,34486be1-f8a1-4c38-8a73-a5b843708bcf,2026-03-22 20:48:08.851792,
Joola,Agassi Pro V -,yoSports,17,1999.0,https://yosports.com.br/products/raquete-de-pickleball-joola-agassi-pro-v-16mm,True,64,c3de483c-253d-4b13-9f0e-94b3167bf4db,2026-03-22 20:48:08.855819,
Zcebra,Black Mamba,yoSports,17,1400.0,https://yosports.com.br/products/raquete-pickleball-zcebra-black-mamba-16mm-carbono,True,66,12291ab2-3d7c-4175-8835-c6d7caa55249,2026-03-22 20:48:08.863282,
Zcebra,Totem Trinom,yoSports,17,1200.0,https://yosports.com.br/products/raquete-pickleball-zcebra-totem-trinom-19mm,True,67,13e677e7-9da8-4730-9b47-c92198a0b592,2026-03-22 20:48:08.868002,
Zcebra,Osprey Shotcore,yoSports,17,1600.0,https://yosports.com.br/products/raquete-pickleball-zcebra-osprey-shotcore-16mm,True,68,0817c927-ebe9-4075-a151-7b678ccf94c1,2026-03-22 20:48:08.872487,
Joola,Anna Bright Scorpeus Pro Iv,yoSports,17,1599.0,https://yosports.com.br/products/raquete-de-pickleball-joola-anna-bright-scorpeus-pro-iv-14mm,True,69,913749e0-fac7-46df-a850-6ba7b15d2682,2026-03-22 20:48:08.877672,
Joola,Raquete Hugo Calderano Infinity Carbon,Joola Brasil,14,699.0,https://joola.com.br/products/raquete-joola-hugo-calderano-infinity-carbon,True,12,c536fe92-84d8-4f22-a2f1-b55798588042,2026-03-22 20:47:40.623628,
Joola,Raquete Match Pro,Joola Brasil,14,249.0,https://joola.com.br/products/raquete-joola-match-pro,True,13,4675e34b-5045-4854-9b5b-e93e39fbf829,2026-03-22 20:47:40.647790,
Joola,Raquete Infinity Balance (Verde),Joola Brasil,14,349.0,https://joola.com.br/products/raquete-joola-infinity-balance-verde,True,14,5c9d8168-37c5-47ea-aa7b-5721befa4cfc,2026-03-22 20:47:40.660831,
Joola,Raquete Bat Match,Joola Brasil,14,119.0,https://joola.com.br/products/raquete-joola-bat-match,True,15,a809043c-a04a-4e2f-b37c-3d719fb81d40,2026-03-22 20:47:40.673967,
Joola,Raquete Team Master,Joola Brasil,14,189.0,https://joola.com.br/products/raquete-joola-team-masters,True,16,f0fc5835-9313-4262-aaf8-695c6a7c4095,2026-03-22 20:47:40.689563,
Joola,Borracha Micron,Joola Brasil,14,209.0,https://joola.com.br/products/borracha-joola-micron,True,17,2ded78b5-c452-4504-bcc6-efd668d77c83,2026-03-22 20:47:40.704914,
Joola,Raquete Proline One,Joola Brasil,14,899.0,https://joola.com.br/products/raquete-joola-proline-one,True,18,0b41be27-2c10-4564-b3fc-fea2de681a05,2026-03-22 20:47:40.719635,
Joola,Raquete Proline Iac,Joola Brasil,14,899.0,https://joola.com.br/products/raquete-blade-proline-iac-fl,True,19,30c0a546-db85-4cd6-b2c8-6d767889b176,2026-03-22 20:47:40.733300,
Joola,Raquete Baseline All,Joola Brasil,14,299.0,https://joola.com.br/products/raquete-joola-blade-baseline-all-fl,True,20,f5a76bb4-c744-405d-b5c7-8d4eb33b03d6,2026-03-22 20:47:40.748787,
Joola,Raquete Proline Aw5,Joola Brasil,14,799.0,https://joola.com.br/products/raquete-joola-proline-aw5,True,21,d8622259-b4bb-40ac-a0d9-f364371fa4d2,2026-03-22 20:47:40.760495,
Joola,Raquete Proline Aw7,Joola Brasil,14,899.0,https://joola.com.br/products/raquete-joola-proline-aw7,True,22,262fe988-b2f0-4161-a5a9-f54fb72ae949,2026-03-22 20:47:40.773634,
Joola,Cola Glue Lex Green,Joola Brasil,14,138.0,https://joola.com.br/products/lex-green-power-table-tennis-rubber-glue,True,23,8cabb82c-460b-4992-b4aa-30639d0cc420,2026-03-22 20:47:40.789610,
Joola,Raquete Vyzaryz Freeze Hrd,Joola Brasil,14,1169.0,https://joola.com.br/products/raquete-vyzaryz-freeze-hrd,True,24,031ed778-71f7-418f-81e2-dc7c141fed96,2026-03-22 20:47:40.803472,
Joola,Raquete Infinity Balance (Vermelha),Joola Brasil,14,349.0,https://joola.com.br/products/raquete-joola-infinity-balance-vermelha,True,25,08137c46-ea01-40be-997b-da71ba85537b,2026-03-22 20:47:40.818418,
Joola,Raquete Infinity Balance (Azul),Joola Brasil,14,349.0,https://joola.com.br/products/raquete-joola-infinity-balance-azul,True,26,a21188c1-e133-4c8f-ae68-55e78524f02f,2026-03-22 20:47:40.832326,
Joola,Raquete Vyzaryz Trinity,Joola Brasil,14,1299.0,https://joola.com.br/products/raquete-joola-vyzaryz-trinity,True,27,85d3141f-b778-4ed9-8b1f-9b2eb0941ab2,2026-03-22 20:47:40.848865,
Joola,Adicional: Serviço De Montagem De Raquete (Azul No Forehand),Joola Brasil,14,50.0,https://joola.com.br/products/racket-assembly-service-blue-on-forehand,True,28,8f1393be-af11-4b74-b9e7-eb550589f5c6,2026-03-22 20:47:40.863627,
Joola,Borracha Vizon,Joola Brasil,14,147.0,https://joola.com.br/products/borracha-joola-vizon,True,29,8d2b3753-24ad-4b37-92e7-eb248a1e8e25,2026-03-22 20:47:40.879739,
Joola,Adicional: Serviço De Montagem De Raquete (Lilás No Forehand),Joola Brasil,14,50.0,https://joola.com.br/products/servico-de-montagem-de-raquete-lilas-no-forehand,True,30,0858240d-aadb-43d5-9eb2-4aab9856f98f,2026-03-22 20:47:40.895443,
Joola,Rubber Cleaner Set (125Ml),Joola Brasil,14,109.0,https://joola.com.br/products/joola-rubber-cleaner-set-125ml,True,31,7714d76d-98a0-44e2-ac27-92343612a657,2026-03-22 20:47:40.910383,
Joola,Borracha Dynaryz Cmd,Joola Brasil,14,409.0,https://joola.com.br/products/borracha-joola-dynaryz-cmd,True,32,7b81a7a1-12a1-4ddb-8d93-e0520e6dda78,2026-03-22 20:47:40.924805,
Joola,Borracha Dynaryz Agr,Joola Brasil,14,409.0,https://joola.com.br/products/borracha-joola-dynaryz-agr,True,33,8e5ead28-98bc-4b85-8701-14b2d557de48,2026-03-22 20:47:40.938425,
Joola,Borracha Express Ultra (Pino Curto),Joola Brasil,14,299.0,https://joola.com.br/products/borracha-joola-express-ultra,True,34,6add59c1-f04a-4cdc-bac9-c36306884ec7,2026-03-22 20:47:40.952473,
Joola,Borracha Dynaryz Zgr,Joola Brasil,14,419.0,https://joola.com.br/products/borracha-joola-dynaryz-zgr,True,35,10af77b9-7ab2-49b0-b173-cd447db1c4f2,2026-03-22 20:47:40.967824,
Joola,Borracha Dynaryz Inferno,Joola Brasil,14,409.0,https://joola.com.br/products/borracha-joola-dynaryz-inferno,True,36,a0e5a6b4-a5b8-4e01-b51b-c2cf3e699901,2026-03-22 20:47:40.983766,
Joola,Borracha Tronix Zgr,Joola Brasil,14,359.0,https://joola.com.br/products/borracha-joola-tronix-zgr,True,37,84664183-40f4-4f54-8279-2bb6b0c90df1,2026-03-22 20:47:40.995270,
Joola,Borracha Tronix Acc,Joola Brasil,14,359.0,https://joola.com.br/products/borracha-joola-tronix-acc,True,38,a9bc00b2-1ed4-4d85-a44f-424f4a8e4a57,2026-03-22 20:47:41.008355,
Joola,Borracha Tronix Cmd,Joola Brasil,14,359.0,https://joola.com.br/products/borracha-joola-tronix-cmd,True,39,08c93caa-4832-4c63-9bf9-b80fa1148cde,2026-03-22 20:47:41.023721,
Joola,Borracha Dynaryz Zgx,Joola Brasil,14,419.0,https://joola.com.br/products/borracha-joola-dynaryz-zgx,True,40,701151dc-db1e-4023-b49b-509bcb2c7712,2026-03-22 20:47:41.037389,
Joola,Raquete Tezzo Warrior,Joola Brasil,14,629.0,https://joola.com.br/products/raquete-joola-tezzo-warrior,True,41,6cab4b73-756e-42d8-8fc4-fd54284f9f57,2026-03-22 20:47:41.051905,
Joola,Fita Para Raquete De Tênis De Mesa Dynaryz,Joola Brasil,14,89.0,https://joola.com.br/products/fita-joola-dynaryz,True,42,1abc7ae0-2bcd-4de8-9083-87f7fe5c9e39,2026-03-22 20:47:41.065009,
Joola,Fita Para Raquete De Tênis De Mesa '20,Joola Brasil,14,89.0,https://joola.com.br/products/fita-joola-20,True,43,37dc02ac-b173-40b9-a720-ab037955ec2d,2026-03-22 20:47:41.078876,
Joola,Adicional: Serviço De Montagem De Raquete (Vermelho No Forehand),Joola Brasil,14,50.0,https://joola.com.br/products/servico-de-montagem-de-raquete-vermelho-no-forehand,True,44,5907e822-4c49-4a5b-923b-912a5e0bd64b,2026-03-22 20:47:41.091312,
Joola,Blade Varnish - Seladora Verniz Para Madeira De Tênis De Mesa,Joola Brasil,14,109.0,https://joola.com.br/products/blade-varnish-joola-seladora-verniz,True,45,f5a9cfce-b962-45a4-b8df-6d1faec55099,2026-03-22 20:47:41.105631,
Joola,Borracha Cwx (Pino Longo),Joola Brasil,14,299.0,https://joola.com.br/products/borracha-joola-cwx,True,46,c7f8488d-c55f-435e-afe4-4de2cbc6b202,2026-03-22 20:47:41.118975,
Joola,Agassi Champion Ss25 -,yoSports,17,449.0,https://yosports.com.br/products/raquete-de-pickleball-joola-agassi-champion-ss25-12-mm,True,72,6011a96f-c8b1-45de-9775-7dd7ec5b5df3,2026-03-22 20:48:08.892327,
Adidas,Adipower Attk3,yoSports,17,1099.0,https://yosports.com.br/products/raquete-de-pickleball-adidas-adipower-attk3,True,73,469e614e-ea22-413d-9d5c-600c304aa2ad,2026-03-22 20:48:08.897287,
Joola,Agassi Edge Ss25,yoSports,17,799.0,https://yosports.com.br/products/raquete-de-pickleball-joola-agassi-edge-ss25-16mm,True,74,cdb9388e-72c6-42f0-a7d7-9ec82dcecd07,2026-03-22 20:48:08.901580,
Joola,Perseus 3S Dual,yoSports,17,1299.0,https://yosports.com.br/products/raquete-de-pickleball-joola-perseus-3s-dual-16mm,True,75,6c537d19-0a04-416f-89ce-cf6be5d4b69b,2026-03-22 20:48:08.905253,
Joola,Hyperion 3S Dual,yoSports,17,1299.0,https://yosports.com.br/products/raquete-de-pickleball-joola-hyperion-3s-dual-16mm,True,76,5321283a-be8a-40f9-95a5-f305db15177a,2026-03-22 20:48:08.909094,
Joola,Scorpeus Heat Vision -,yoSports,17,899.0,https://yosports.com.br/products/raquete-de-pickleball-joola-scorpeus-heat-vision-16mm,True,77,ee7a87e2-ae0b-4038-8fa6-480597a7f0b6,2026-03-22 20:48:08.915588,
Joola,Perseus Double Vision -,yoSports,17,999.0,https://yosports.com.br/products/raquete-de-pickleball-joola-perseus-double-vision-16mm,True,78,410a3803-5bfc-40bd-877e-4e2d5003e5ff,2026-03-22 20:48:08.919981,
Joola,Hyperion Double Vision -,yoSports,17,999.0,https://yosports.com.br/products/raquete-de-pickleball-joola-hyperion-double-vision-16mm,True,79,d76f10cb-4d45-4df9-bf65-1564fd66aa48,2026-03-22 20:48:08.925701,
Joola,Agassi Edge Heat Vision -,yoSports,17,899.0,https://yosports.com.br/products/raquete-de-pickleball-joola-agassi-heat-vision-16mm,True,80,774c51c0-891a-4420-903f-7fa85c520c95,2026-03-22 20:48:08.933260,
Joola,Ben Johns Hyperion 3S,yoSports,17,1299.0,https://yosports.com.br/products/raquete-de-pickleball-joola-ben-johns-hyperion-3s-16mm,True,81,63bd95c9-97be-4e9f-a672-af0ca4c713c4,2026-03-22 20:48:08.942114,
Starvie,Astrum,yoSports,17,600.0,https://yosports.com.br/products/raquete-de-pickleball-starvie-astrum,True,82,20286ce9-6952-4edd-ab89-7b1359845ade,2026-03-22 20:48:08.952055,
Joola,Tyson Mcguffin Magnus Pro Iv,yoSports,17,1599.0,https://yosports.com.br/products/raquete-de-pickleball-joola-tyson-mcguffin-magnus-pro-iv-14mm,True,83,affb73a1-d97f-4094-81fc-d18c0790bd3f,2026-03-22 20:48:08.959721,
Joola,Tyson Mcguffin Magnus 3S,yoSports,17,1299.0,https://yosports.com.br/products/raquete-de-pickleball-joola-tyson-mcguffin-magnus-3s-16mm,True,84,5f9546ca-019e-4eb1-a823-22d2fa52170a,2026-03-22 20:48:08.966942,
Joola,Graf Pro Iv,yoSports,17,1599.0,https://yosports.com.br/products/raquete-de-pickleball-joola-graf-pro-iv-16mm,True,85,d1b365c8-29a2-4632-9506-2bcb15617d16,2026-03-22 20:48:08.974927,
Joola,Graf Edge Ss25,yoSports,17,799.0,https://yosports.com.br/products/raquete-de-pickleball-joola-graf-edge-ss25-16mm,True,86,205ff225-4772-409f-bbbc-bd2ee6e9051d,2026-03-22 20:48:08.982074,
Joola,Collin Johns Scorpeus Pro Iv,yoSports,17,1599.0,https://yosports.com.br/products/raquete-de-pickleball-joola-collin-johns-scorpeus-pro-iv-16mm,True,87,526b5e14-3314-4c26-8b42-b164eed262a4,2026-03-22 20:48:08.989720,
Joola,Collin Johns Scorpeus 3S,yoSports,17,1299.0,https://yosports.com.br/products/raquete-de-pickleball-joola-collin-johns-scorpeus-3s-16mm,True,88,a610c328-cf21-4f77-938a-9a55197946e4,2026-03-22 20:48:08.997427,
Joola,Ben Johns Perseus Pro Iv,yoSports,17,1599.0,https://yosports.com.br/products/raquete-de-pickleball-joola-ben-johns-perseus-pro-iv-16mm,True,71,2509c48a-dc75-43f8-bec0-7e3ab2150051,2026-03-22 20:48:09.003144,
Joola,Ben Johns Perseus 3S,yoSports,17,1299.0,https://yosports.com.br/products/raquete-de-pickleball-joola-ben-johns-perseus-3s-16mm,True,70,34300b74-5c1d-4956-85ec-91bb4067a598,2026-03-22 20:48:09.009791,
Joola,Ben Johns Hyperion Pro Iv,yoSports,17,1599.0,https://yosports.com.br/products/raquete-de-pickleball-joola-ben-johns-hyperion-pro-iv-16mm,True,89,34f6268e-e684-4b2d-bd50-d16323b4a337,2026-03-22 20:48:09.020306,
Joola,Anna Bright Scorpeus Gen 3,yoSports,17,699.0,https://yosports.com.br/products/raquete-de-pickleball-joola-anna-bright-scorpeus-gen-3-14mm,True,90,73c3cecb-004c-4d3d-bebb-cc2f4a2b0096,2026-03-22 20:48:09.029338,
Joola,Anna Bright Scorpeus 3S,yoSports,17,1499.0,https://yosports.com.br/products/raquete-de-pickleball-joola-anna-bright-scorpeus-3s-14mm,True,91,8279b26b-b3f8-4474-be5e-46c3225ff078,2026-03-22 20:48:09.037859,
Joola,Agassi Pro Iv,yoSports,17,1599.0,https://yosports.com.br/products/raquete-de-pickleball-joola-agassi-pro-iv-14mm,True,92,0955fac3-eb95-4ddf-8425-e6bdba62a412,2026-03-22 20:48:09.053520,
Drop Shot,Conqueror Attack,yoSports,17,749.0,https://yosports.com.br/products/raquete-de-pickleball-drop-shot-conqueror-attack,True,93,24206d58-4d84-4c5b-b0fe-27db6f308629,2026-03-22 20:48:09.061756,
Adidas,Adipower Carbon Control,yoSports,17,799.0,https://yosports.com.br/products/raquete-de-pickleball-adidas-adipower-carbon-control-16mm,True,94,22c0797b-e303-411f-a76c-a2c95e85e254,2026-03-22 20:48:09.070993,
Adidas,Adipower Carbon Attk,yoSports,17,990.0,https://yosports.com.br/products/raquete-de-pickleball-adidas-adipower-carbon-attk-16mm,True,95,d3c901e1-c977-40e1-a8da-4187716f725d,2026-03-22 20:48:09.076223,
3Rdshot,Touch Control 16Mm,Brazil Pickleball Store,21,474.0,https://www.brazilpickleballstore.com.br/produtos/raquete-3rdshot-touch-control-16mm/,True,96,4bc7d07e-ecfb-4bdb-aacc-10803f3c385a,2026-03-22 20:49:20.161071,
Selkirk,Labs Project Boomstik Enlongated,Brazil Pickleball Store,21,2599.0,https://www.brazilpickleballstore.com.br/produtos/raquete-selkirk-labs-project-boom-stik-enlongated-16mm/,True,97,d5513f03-b182-4569-abb5-6b39d435a953,2026-03-22 20:49:20.170660,
3Rdshot,Oberon Mini,Brazil Pickleball Store,21,109.0,https://www.brazilpickleballstore.com.br/produtos/raquete-3rdshot-oberon-mini/,True,98,decbaa68-9d01-4cc3-877d-09b354d2ed3a,2026-03-22 20:49:20.176432,
Selkirk,Invikta Luxx Control Infinigrit,Brazil Pickleball Store,21,2309.0,https://www.brazilpickleballstore.com.br/produtos/raquete-selkirk-invikta-luxx-control-infinigrit-19mm/,True,99,3a0dcb56-3597-4505-b320-cda4e319d0ef,2026-03-22 20:49:20.180688,
Selkirk,Invikta Amped Pro Air,Brazil Pickleball Store,21,1272.0,https://www.brazilpickleballstore.com.br/produtos/raquete-selkirk-invikta-amped-pro-air/,True,100,bae1aea1-9a7e-49bf-afab-cf233c8e6e8f,2026-03-22 20:49:20.184726,
Paddletek,Bantam Alw-C 14.3Mm Anna Leight Waters,Brazil Pickleball Store,21,1889.0,https://www.brazilpickleballstore.com.br/produtos/raquete-paddletek-bantam-alw-c-14-3mm-anna-leight-waters/,True,101,a565cd79-7690-4b1c-b464-d5b90f20919c,2026-03-22 20:49:20.195122,
Selkirk,Labs Project Boom Stik Widebody,Brazil Pickleball Store,21,2599.0,https://www.brazilpickleballstore.com.br/produtos/raquete-selkirk-labs-project-boom-stik-widebody-16mm/,True,102,e579c945-361c-41b2-a862-b0c569727ab4,2026-03-22 20:49:20.204886,
Proxr,Signature Series 16Mm,Brazil Pickleball Store,21,1082.0,https://www.brazilpickleballstore.com.br/produtos/raquete-proxr-signature-series-16mm/,True,103,234025c3-80b2-4f54-b804-ac8404bb4391,2026-03-22 20:49:20.216496,
Paddletek,Bantam Alw-C 12.7Mm Anna Leight Waters,Brazil Pickleball Store,21,1889.0,https://www.brazilpickleballstore.com.br/produtos/raquete-paddletek-bantam-alw-c-12-7mm-anna-leight-waters/,True,104,29dfd9bf-1b86-4fda-8919-53e2e937ace5,2026-03-22 20:49:20.224676,
Proxr,Sweet Spot Max Series 13Mm,Brazil Pickleball Store,21,1082.0,https://www.brazilpickleballstore.com.br/produtos/raquete-proxr-sweet-spot-max-series-13mm/,True,105,a546a6d4-b9ff-4b95-b39f-0c1f4784fa3e,2026-03-22 20:49:20.231553,
Selkirk,Labs Project Boomstik Enlongated 16Mm - Jack Sock,Brazil Pickleball Store,21,2599.0,https://www.brazilpickleballstore.com.br/produtos/raquete-selkirk-labs-project-boomstik-enlongated-16mm-jack-sock-wo0a8/,True,106,05605975-a907-41da-907a-44565e8cff97,2026-03-22 20:49:20.236815,
3Rdshot,Venus,Brazil Pickleball Store,21,899.0,https://www.brazilpickleballstore.com.br/produtos/raquete-3rdshot-venus-16mm-tuckj/,True,107,c4d99c8b-e9c4-4e08-a5da-d4b615de8fb2,2026-03-22 20:49:20.242996,
Proxr,Sweet Spot Max Series 16Mm,Brazil Pickleball Store,21,1082.0,https://www.brazilpickleballstore.com.br/produtos/raquete-proxr-sweet-spot-max-series-16mm/,True,108,aa048044-ff1d-4be7-92cc-f0ece3fdbc15,2026-03-22 20:49:20.248511,
Paddletek,Tempest Wave Pro-C 14.3Mm,Brazil Pickleball Store,21,1069.0,https://www.brazilpickleballstore.com.br/produtos/raquete-paddletek-tempest-wave-pro-c-14-3mm/,True,109,5a133c01-4748-41fe-9c26-e7e7bf9cb1f0,2026-03-22 20:49:20.253682,
3Rdshot,Venus 16Mm Nova Geração,Brazil Pickleball Store,21,1199.0,https://www.brazilpickleballstore.com.br/produtos/raquete-3rdshot-venus-16mm-nova-geracao-6schs/,True,110,05e23775-2671-4bcf-ba8a-e1b3c93d483d,2026-03-22 20:49:20.259685,
Slk,Era Enlongated 16Mm Sunset - Edition Limited,Brazil Pickleball Store,21,1889.0,https://www.brazilpickleballstore.com.br/produtos/raquete-slk-era-enlongated-16mm-sunset-edition-limited-stk7e/,True,111,25462bf9-1efb-4634-b918-3b2234cbd2b2,2026-03-22 20:49:20.265945,
3Rdshot,Oberon,Brazil Pickleball Store,21,1099.0,https://www.brazilpickleballstore.com.br/produtos/raquete-3rdshot-oberon-16mm-sdou0/,True,112,71815b53-d7f0-4ea5-94b9-fee8ac72d2e4,2026-03-22 20:49:20.270911,
4X,Raquete 3Rdshot Start 16Mm,Brazil Pickleball Store,21,949.0,https://www.brazilpickleballstore.com.br/produtos/kit-4x-raquete-3rdshot-start-16mm-k76i0/,True,113,205ced2b-ee32-44bf-94eb-2109cf0e032d,2026-03-22 20:49:20.276424,
3Rdshot,Touch Control 16Mm Edição Especial,Brazil Pickleball Store,21,474.0,https://www.brazilpickleballstore.com.br/produtos/raquete-3rdshot-touch-control-16mm-edicao-especial-mpttr/,True,114,e35df38c-7086-4113-82bf-5df1dc1db8df,2026-03-22 20:49:20.280556,
Selkirk,Labs Project 008 Invikta,Brazil Pickleball Store,21,2197.0,https://www.brazilpickleballstore.com.br/produtos/raquete-selkirk-labs-project-008-invikta-16mm-pojrk/,True,115,e4c4e3ca-b1b2-438e-9635-d5b3d068f095,2026-03-22 20:49:20.288384,
3Rdshot,Start,Brazil Pickleball Store,21,367.0,https://www.brazilpickleballstore.com.br/produtos/raquete-3rdshot-start-16mm/,True,116,092b20cf-e851-4398-8216-6de8d963f23b,2026-03-22 20:49:20.295677,
Engage,Pursuit Pro1 Widebody 12.7Mm,Brazil Pickleball Store,21,1079.0,https://www.brazilpickleballstore.com.br/produtos/engage-pursuit-pro1-widebody-12-7mm/,True,117,77bf5a4a-8cca-4b8f-935e-054757a0e085,2026-03-22 20:49:20.301583,
Engage,Pursuit Pro1 6.0 Widebody 15.2Mm,Brazil Pickleball Store,21,1079.0,https://www.brazilpickleballstore.com.br/produtos/engage-pursuit-pro1-6-0-widebody-15-2mm/,True,118,df8e6ab6-c428-4b60-ab64-dfc9b0a47df1,2026-03-22 20:49:20.308536,
Engage,Pursuit Pro1 6.0 Hybrid 15.2Mm,Brazil Pickleball Store,21,1079.0,https://www.brazilpickleballstore.com.br/produtos/engage-pursuit-pro1-6-0-hybrid-15-2mm/,True,119,f2c859c9-62e1-4b9a-9603-150ec6691bb7,2026-03-22 20:49:20.316266,
Selkirk,Invikta Amped Pro Air Jack Sock,Brazil Pickleball Store,21,1329.0,https://www.brazilpickleballstore.com.br/produtos/raquete-selkirk-invikta-amped-pro-air-jack-sock/,True,120,505b192b-b7fc-4ab8-863a-c256cd47fccc,2026-03-22 20:49:20.327394,
Paddletek,Bantam Tko-C 12.7Mm,Brazil Pickleball Store,21,1074.0,https://www.brazilpickleballstore.com.br/produtos/raquete-paddletek-bantam-tko-c-12-7mm/,True,121,96e84d6c-7e01-4391-8666-2251bad92b25,2026-03-22 20:49:20.342765,
Engage,Pursuit Pro1 Innovation 12.7Mm,Brazil Pickleball Store,21,1499.0,https://www.brazilpickleballstore.com.br/produtos/engage-pursuit-pro1-innovation-12-7mm/,True,122,f8853a0b-441b-4c05-8aa9-4b23e833576f,2026-03-22 20:49:20.361922,
Selkirk,Labs Project Boomstik Widebody 16Mm Regal - Edition Limited,Brazil Pickleball Store,21,2599.0,https://www.brazilpickleballstore.com.br/produtos/raquete-selkirk-labs-project-boomstik-widebody-16mm-regal-edition-limited-e77sm/,True,123,6b7baf29-3fc3-44ec-98f2-84c75162e083,2026-03-22 20:49:20.380172,
Slk,Era Enlongated,Brazil Pickleball Store,21,1889.0,https://www.brazilpickleballstore.com.br/produtos/raquete-slk-era-enlongated-16mm-wi1qi/,True,124,11b285a9-ff67-4b19-9b99-4fce9ae70541,2026-03-22 20:49:20.401228,
Proxr,Signature Series 13Mm,Brazil Pickleball Store,21,1082.0,https://www.brazilpickleballstore.com.br/produtos/raquete-proxr-signature-series-13mm/,True,125,bf4a8d0d-7e73-4063-b19a-0554813d7940,2026-03-22 20:49:20.423437,
Engage,Pursuit Pro1 Innovation 15.2Mm,Brazil Pickleball Store,21,1287.0,https://www.brazilpickleballstore.com.br/produtos/engage-pursuit-pro1-innovation-15-2mm/,True,126,72b92f16-42c9-47a9-b4e9-328a690f3746,2026-03-22 20:49:20.446146,
Selkirk,Labs Project Boomstik Enlongated 16Mm Regal - Edition Limited,Brazil Pickleball Store,21,2599.0,https://www.brazilpickleballstore.com.br/produtos/raquete-selkirk-labs-project-boomstik-enlongated-16mm-regal-edition-limited-q27dn/,True,127,13f654c8-78b8-49e6-b555-47f16ee53212,2026-03-22 20:49:20.465622,
Engage,Pursuit Pro1 Hybrid 12.7Mm,Brazil Pickleball Store,21,1549.0,https://www.brazilpickleballstore.com.br/produtos/engage-pursuit-pro1-hybrid-12-7mm/,True,128,e8933bf0-f7e9-459e-a0ce-8925a6cbe2fe,2026-03-22 20:49:20.486758,
Paddletek,Bantam Tko-C 14.3Mm,Brazil Pickleball Store,21,1499.0,https://www.brazilpickleballstore.com.br/produtos/raquete-paddletek-bantam-tko-c-14-3mm/,True,129,feecf56b-a637-4ff8-a25d-b38ff2ecf06b,2026-03-22 20:49:20.509974,
Paddletek,Tempest Reign V3,Brazil Pickleball Store,21,799.0,https://www.brazilpickleballstore.com.br/produtos/raquete-paddletek-tempest-reign-v3/,True,130,c28616f5-9bb6-4cb1-82ac-b06a500ca1ec,2026-03-22 20:49:20.533787,
Paddletek,Tempest Tko-C 14.3Mm,Brazil Pickleball Store,21,1199.0,https://www.brazilpickleballstore.com.br/produtos/raquete-paddletek-tempest-tko-c-14-3mm/,True,131,5bd6eee1-8e30-405e-a76a-12528c461c21,2026-03-22 20:49:20.557124,
Drop Shot,Kibo Comfort Pk,Drop Shot Brasil,22,799.9,https://www.dropshot.com.br/raquete-de-pickleball-drop-shot-kibo-comfort-pk,True,132,f45c320b-81eb-4215-a1ff-0cf4fe62c538,2026-03-22 20:50:13.431230,
Drop Shot,Kibo Control Pk,Drop Shot Brasil,22,499.9,https://www.dropshot.com.br/raquete-de-pickleball-drop-shot-kibo-control-ok,True,133,2ebdb07f-c752-4b63-873c-ba38b057d501,2026-03-22 20:50:13.455033,
Drop Shot,Kibo Attack Pk,Drop Shot Brasil,22,499.9,https://www.dropshot.com.br/raquete-de-pickleball-drop-shot-kibo-attack-pk,True,134,424dd621-9885-4068-ba1e-acd34d5700a8,2026-03-22 20:50:13.477290,
Drop Shot,Explorer Comfort Pk,Drop Shot Brasil,22,799.9,https://www.dropshot.com.br/raquete-de-pickleball-drop-shot-explorer-comfort-pk,True,135,8847c16a-a27d-4a86-9a90-bdc2d43dc609,2026-03-22 20:50:13.497742,
Drop Shot,Explorer Control Pk,Drop Shot Brasil,22,799.9,https://www.dropshot.com.br/raquete-de-pickleball-drop-shot-explorer-control-pk,True,136,35490fc1-d2a0-4d7c-9ab1-b479b64c4fb6,2026-03-22 20:50:13.521581,
Drop Shot,Explorer Attack Pk,Drop Shot Brasil,22,799.9,https://www.dropshot.com.br/raquete-de-pickleball-drop-shot-explorer-attack-pl,True,137,3753185c-7b03-4f7e-964f-89bd477e7dde,2026-03-22 20:50:13.543168,
Drop Shot,Furia Comfort Pk,Drop Shot Brasil,22,1119.9,https://www.dropshot.com.br/raquete-de-pickleball-drop-shot-furia-comfort-pk,True,138,fe06c595-e129-4e80-85ee-8250d52f5b73,2026-03-22 20:50:13.565394,
Drop Shot,Furia Control Pk,Drop Shot Brasil,22,1119.9,https://www.dropshot.com.br/raquete-de-pickleball-drop-shot-furia-control-pk,True,139,6bc1b474-6c04-47eb-b456-d93fc957738c,2026-03-22 20:50:13.586022,
Drop Shot,Furia Attack Pk,Drop Shot Brasil,22,1199.9,https://www.dropshot.com.br/raquete-de-pickleball-drop-shot-furia-attack-pk,True,140,e2cbbb59-b414-4270-98a4-d1b7c99188c0,2026-03-22 20:50:13.607108,
Drop Shot,Conqueror Control Pk,Drop Shot Brasil,22,1399.0,https://www.dropshot.com.br/raquete-de-pickleball-drop-shot-conqueror-control-pk,True,141,255bd2be-8b3c-477f-8f0d-9067304fd1a6,2026-03-22 20:50:13.627609,
Drop Shot,Conqueror Attack Pk,Drop Shot Brasil,22,1399.9,https://www.dropshot.com.br/raquete-de-pickleball-drop-shot-conqueror-attack-pk,True,142,df88a55a-7695-4e53-8e86-18bc07c7258a,2026-03-22 20:50:13.650060,
Drop Shot,Axion Control Pk,Drop Shot Brasil,22,1599.9,https://www.dropshot.com.br/raquete-de-pickleball-drop-shot-axion-control-pk,True,143,25ade14f-df8a-4d1e-af1a-f00508abe89c,2026-03-22 20:50:13.672566,
Drop Shot,Axion Attack Pk,Drop Shot Brasil,22,1599.9,https://www.dropshot.com.br/raquete-de-pickleball-drop-shot-axion-attack-pk,True,144,d31301e6-0d26-4e6b-bfbf-f81c4add3013,2026-03-22 20:50:13.694749,
Pulse,Hyperlight (16Mm),PCKL House,18,485.0,https://pcklhouse.com.br/produtos/raquete-pulse-hyperlight-16mm/,True,145,1b9bc1b6-6301-432b-8823-313de4dd99b3,2026-03-22 21:53:07.810569,
Com,2 Raquetes Cs Pro Hyperlight (15Mm),PCKL House,18,2500.0,https://pcklhouse.com.br/produtos/kit-com-2-raquetes-cs-pro-hyperlight-15mm/,True,146,6186ec38-f469-49c2-8e8f-63d6e8d78809,2026-03-22 21:53:07.841553,
Cs,Pro Hyperlight (15Mm),PCKL House,18,1340.0,https://pcklhouse.com.br/produtos/raquete-cs-pro-hyperlight-15mm/,True,147,a8522a61-3efd-488a-9e7c-5c5407a523bf,2026-03-22 21:53:07.865558,
Boom,Hyperlight (15Mm),PCKL House,18,1499.0,https://pcklhouse.com.br/produtos/raquete-boom-hyperlight-15mm/,True,148,dcab9e26-0e74-4eb3-b621-e81d917090f3,2026-03-22 21:53:07.884369,
Adidas,Pb Adipower Carbon Team Paddle (14Mm),PCKL House,18,747.69,https://pcklhouse.com.br/produtos/raquete-adidas-pb-adipower-carbon-team-paddle-14mm/,True,149,ee3d102e-723f-41f9-a5a2-a8fe87d39395,2026-03-22 21:53:07.904749,
Adidas,Pb Adipower Carbon Team Paddle (16Mm),PCKL House,18,1174.04,https://pcklhouse.com.br/produtos/raquete-adidas-pb-adipower-carbon-team-paddle-16mm/,True,150,e3486111-a106-4612-b057-2470f7f2366b,2026-03-22 21:53:07.925152,
Adidas,Pb Adipower Ctrl 2 Paddle (14Mm),PCKL House,18,558.22,https://pcklhouse.com.br/produtos/raquete-adidas-pb-adipower-ctrl-2-paddle-14mm/,True,151,13ea9764-3ab9-491e-a036-f5008cfff04a,2026-03-22 21:53:07.943958,
Adidas,Pb Adipower Attk 3.2 (14Mm),PCKL House,18,890.87,https://pcklhouse.com.br/produtos/raquete-adidas-pb-adipower-attk-3-2-14mm/,True,152,ead56381-6b7a-486c-a74c-888e4bc93b9e,2026-03-22 21:53:07.959228,
Adidas,Pb Rx 44 2 Pb3Ca0U16 (14Mm),PCKL House,18,881.77,https://pcklhouse.com.br/produtos/raquete-adidas-pb-rx-44-2-pb3ca0u16-14mm/,True,153,3e128644-e356-4af6-99af-5e7cbd66ef9d,2026-03-22 21:53:07.974600,
Eagle,Pro Masasport (20Mm),PCKL House,18,895.0,https://pcklhouse.com.br/produtos/raquete-pickleball-eagle-pro-masasport-20mm/,True,154,9c793d3d-8028-44ba-b36a-5baee3771a15,2026-03-22 21:53:07.991744,
Falcon,Pro Masasport (16Mm),PCKL House,18,895.0,https://pcklhouse.com.br/produtos/raquete-pickleball-falcon-pro-masasport-16mm/,True,155,d3030ee3-fb93-4d79-a2aa-c7500be895d0,2026-03-22 21:53:08.008272,
Joola,Essentials (12Mm),PCKL House,18,349.0,https://pcklhouse.com.br/produtos/raquete-de-pickleball-joola-essentials-12mm/,True,156,7f8dd1f2-1ede-4388-8053-3ab030ad5200,2026-03-22 21:53:08.023800,
Joola,Agassi/Graf Champion Set Ss25,PCKL House,18,899.0,https://pcklhouse.com.br/produtos/kit-de-pickleball-joola-agassi-graf-champion-set-ss25/,True,157,bb478668-4ce4-46c9-8ffa-d03f18718a6e,2026-03-22 21:53:08.038799,
Joola,Agassi Champion Ss25 (12Mm),PCKL House,18,449.0,https://pcklhouse.com.br/produtos/raquete-de-pickleball-joola-agassi-champion-ss25-12mm/,True,158,342febfd-ec70-4639-b833-c86419369035,2026-03-22 21:53:08.052960,
Joola,Graf Champion Ss25 (12Mm),PCKL House,18,449.0,https://pcklhouse.com.br/produtos/raquete-de-pickleball-joola-graf-champion-ss25-12mm/,True,159,dc4911c9-42ce-40f0-86bb-32aa9829ca5f,2026-03-22 22:17:49.032607,
Joola,Seneca Cds (16Mm),PCKL House,18,499.0,https://pcklhouse.com.br/produtos/raquete-de-pickleball-joola-seneca-cds-16mm/,True,160,097e018f-450c-4e45-86b8-d0a895da605a,2026-03-22 22:17:49.133427,
Joola,Seneca Fds (14Mm),PCKL House,18,499.0,https://pcklhouse.com.br/produtos/raquete-de-pickleball-joola-seneca-fds-14mm/,True,161,96a2a600-574f-42e6-b24b-07e488e4927e,2026-03-22 22:17:49.170115,
Joola,Ben Johns Perseus Cfs (16Mm),PCKL House,18,1199.0,https://pcklhouse.com.br/produtos/raquete-de-pickleball-joola-ben-johns-perseus-cfs-16mm/,True,162,bd6b3fd3-a2e2-471e-bcac-d471901947d8,2026-03-22 22:17:49.195541,
Joola,Collin Johns Scorpeus Cfs (16Mm),PCKL House,18,1199.0,https://pcklhouse.com.br/produtos/raquete-de-pickleball-joola-collin-johns-scorpeus-cfs-16mm/,True,163,c71a1a46-34b1-405a-bbfd-48610dd06416,2026-03-22 22:17:49.222060,
Joola,Anna Bright Scorpeus Cfs14,PCKL House,18,1199.0,https://pcklhouse.com.br/produtos/raquete-de-pickleball-joola-anna-bright-scorpeus-cfs14/,True,164,01b8bcc9-2f69-4935-99e4-446105818307,2026-03-22 22:17:49.252681,
Joola,Ben Johns Hyperion C2 Cfs (16Mm),PCKL House,18,1199.0,https://pcklhouse.com.br/produtos/raquete-de-pickleball-joola-ben-johns-hyperion-c2-cfs-16mm/,True,165,fbd62a30-cb71-4917-824a-9cbff2b2c8ad,2026-03-22 22:17:49.272933,
Joola,Tyson Mcguffin Magnus Cas (14Mm),PCKL House,18,799.0,https://pcklhouse.com.br/produtos/raquete-de-pickleball-joola-tyson-mcguffin-magnus-cas-14mm/,True,166,3a8c28cb-f9bb-4325-a21f-01a4ba5ad2d2,2026-03-22 22:17:49.284510,
Joola,Ben Johns Perseus 3S,PCKL House,18,1797.0,https://pcklhouse.com.br/produtos/raquete-de-pickleball-joola-ben-johns-perseus-3s/,True,167,34300b74-5c1d-4956-85ec-91bb4067a598,2026-03-22 22:17:49.291046,
Joola,Tyson Mcguffin Magnus 3S (16Mm),PCKL House,18,1797.0,https://pcklhouse.com.br/produtos/raquete-de-pickleball-joola-tyson-mcguffin-magnus-3s-16mm/,True,168,664e0323-af11-4fc4-b002-c037a314ef84,2026-03-22 22:17:49.300073,
Joola,Tyson Mcguffin Magnus 3S (14Mm),PCKL House,18,1797.0,https://pcklhouse.com.br/produtos/raquete-de-pickleball-joola-tyson-mcguffin-magnus-3s-14mm/,True,169,82a26862-3224-4a17-81cc-61b4cbf6d231,2026-03-22 22:17:49.308648,
Joola,Collin Johns Scorpeus 3S (16Mm),PCKL House,18,1797.0,https://pcklhouse.com.br/produtos/raquete-de-pickleball-joola-collin-johns-scorpeus-3s-16mm/,True,170,2f381d4b-1495-440b-9db4-2f26e4e8c8d0,2026-03-22 22:17:49.316607,
Joola,Anna Bright Scorpeus 3S (14Mm),PCKL House,18,1797.0,https://pcklhouse.com.br/produtos/raquete-de-pickleball-joola-anna-bright-scorpeus-3s-14mm/,True,171,0af22584-0ef0-46c1-a889-99f1ec5b74f6,2026-03-22 22:17:49.325310,
Joola,Simone Jardim Hyperion 3S (16Mm),PCKL House,18,1797.0,https://pcklhouse.com.br/produtos/raquete-de-pickleball-joola-simone-jardim-hyperion-3s-16mm/,True,172,518f9e9f-2e0a-4951-b5f3-5d8c04c74444,2026-03-22 22:17:49.333693,
Joola,Ben Johns Hyperion 3S (14Mm),PCKL House,18,1797.0,https://pcklhouse.com.br/produtos/raquete-de-pickleball-joola-ben-johns-hyperion-3s-14mm/,True,173,9507ab6c-575e-4201-9ed8-694f7128446c,2026-03-22 22:17:49.341823,
Joola,Agassi Edge Ss25 (16Mm),PCKL House,18,799.0,https://pcklhouse.com.br/produtos/raquete-de-pickleball-joola-agassi-edge-ss25-16mm/,True,174,e0819869-8add-49ba-90c8-ed343865c662,2026-03-22 22:17:49.349498,
Joola,Graf Edge Ss25 (16Mm),PCKL House,18,799.0,https://pcklhouse.com.br/produtos/raquete-de-pickleball-joola-graf-edge-ss25-16mm/,True,175,821cc67d-3721-4402-a30a-3ae7f00ddbad,2026-03-22 22:17:49.358204,
Joola,Ben Johns Perseus Pro Iv,PCKL House,18,1997.0,https://pcklhouse.com.br/produtos/raquete-de-pickleball-joola-ben-johns-perseus-pro-iv/,True,176,2509c48a-dc75-43f8-bec0-7e3ab2150051,2026-03-22 22:17:49.364467,
Joola,Anna Bright Scorpeus Pro Iv (14Mm),PCKL House,18,1997.0,https://pcklhouse.com.br/produtos/raquete-de-pickleball-joola-anna-bright-scorpeus-pro-iv-14mm/,True,177,1b508d69-00e0-4043-adfd-9a46b4f56569,2026-03-22 22:17:49.373159,
Joola,Agassi Pro,PCKL House,18,1997.0,https://pcklhouse.com.br/produtos/raquete-de-pickleball-joola-agassi-pro/,True,178,a775658b-41c7-4d38-9bb4-eb375bdcc8fa,2026-03-22 22:17:49.380574,
Joola,Graf Pro (16Mm),PCKL House,18,1997.0,https://pcklhouse.com.br/produtos/raquete-de-pickleball-joola-graf-pro-16mm/,True,179,6da6a6ca-fa7e-4485-b097-0bb425f8789f,2026-03-22 22:17:49.388120,
Joola,Collin Johns Scorpeus Iv (16Mm),PCKL House,18,1997.0,https://pcklhouse.com.br/produtos/raquete-de-pickleball-joola-collin-johns-scorpeus-iv-16mm/,True,180,da2ac4b2-4e65-4ec4-9520-d9c9dba3ae05,2026-03-22 22:17:49.396278,
Joola,Tyson Mcguffin Magnus Pro Iv,PCKL House,18,1997.0,https://pcklhouse.com.br/produtos/raquete-de-pickleball-joola-tyson-mcguffin-magnus-pro-iv/,True,181,affb73a1-d97f-4094-81fc-d18c0790bd3f,2026-03-22 22:17:49.401693,
Joola,Ben Johns Hyperion Pro Iv,PCKL House,18,1997.0,https://pcklhouse.com.br/produtos/raquete-de-pickleball-joola-ben-johns-hyperion-pro-iv/,True,182,34f6268e-e684-4b2d-bd50-d16323b4a337,2026-03-22 22:17:49.406889,
Joola,Simone Jardim Hyperion Pro Iv (16Mm),PCKL House,18,1997.0,https://pcklhouse.com.br/produtos/raquete-de-pickleball-joola-simone-jardim-hyperion-pro-iv-16mm/,True,183,7e46830c-6217-4b76-be35-3423d5d5db01,2026-03-22 22:17:49.414886,
Joola,Hyperion 3S Dual (16Mm),PCKL House,18,1797.0,https://pcklhouse.com.br/produtos/raquete-de-pickleball-joola-hyperion-3s-dual-16mm/,True,184,b3147ac0-5bb8-458d-abbc-95e75c951914,2026-03-22 22:17:49.422188,
Joola,Scorpeus 3S Dual (14Mm),PCKL House,18,1797.0,https://pcklhouse.com.br/produtos/raquete-de-pickleball-joola-scorpeus-3s-dual-14mm/,True,185,13906975-05ae-47ab-b728-00eac20cf869,2026-03-22 22:17:49.429687,
Joola,Magnus 3S Dual (14Mm),PCKL House,18,1797.0,https://pcklhouse.com.br/produtos/raquete-de-pickleball-joola-magnus-3s-dual-14mm/,True,186,85111088-20f9-494c-aaed-661ef6e29295,2026-03-22 22:17:49.435993,
Joola,Perseus 3S Dual,PCKL House,18,1797.0,https://pcklhouse.com.br/produtos/raquete-de-pickleball-joola-perseus-3s-dual/,True,187,6c537d19-0a04-416f-89ce-cf6be5d4b69b,2026-03-22 22:17:49.440422,
Drop Shot,Axion Attack Pk,PCKL House,18,1119.9,https://pcklhouse.com.br/produtos/raquete-de-pickleball-drop-shot-axion-attack-pk/,True,188,d31301e6-0d26-4e6b-bfbf-f81c4add3013,2026-03-22 22:17:49.444990,
Drop Shot,Axion Control Pk,PCKL House,18,1119.9,https://pcklhouse.com.br/produtos/raquete-de-pickleball-drop-shot-axion-control-pk/,True,189,25ade14f-df8a-4d1e-af1a-f00508abe89c,2026-03-22 22:17:49.449427,
Drop Shot,Conqueror Control Pk,PCKL House,18,979.9,https://pcklhouse.com.br/produtos/raquete-de-pickleball-drop-shot-conqueror-control-pk/,True,190,255bd2be-8b3c-477f-8f0d-9067304fd1a6,2026-03-22 22:17:49.454437,
Drop Shot,Furia Comfort Pk,PCKL House,18,839.9,https://pcklhouse.com.br/produtos/raquete-de-pickleball-drop-shot-furia-comfort-pk/,True,191,fe06c595-e129-4e80-85ee-8250d52f5b73,2026-03-22 22:17:49.458968,
Drop Shot,Explorer Control Pk,PCKL House,18,559.9,https://pcklhouse.com.br/produtos/raquete-de-pickleball-drop-shot-explorer-control-pk/,True,192,35490fc1-d2a0-4d7c-9ab1-b479b64c4fb6,2026-03-22 22:17:49.469528,
Drop Shot,Explorer Comfort Pk,PCKL House,18,559.9,https://pcklhouse.com.br/produtos/raquete-de-pickleball-drop-shot-explorer-comfort-pk/,True,193,8847c16a-a27d-4a86-9a90-bdc2d43dc609,2026-03-22 22:17:49.475745,
Drop Shot,Kibo Comfort Pk,PCKL House,18,349.9,https://pcklhouse.com.br/produtos/raquete-de-pickleball-drop-shot-kibo-comfort-pk/,True,194,f45c320b-81eb-4215-a1ff-0cf4fe62c538,2026-03-22 22:17:49.481040,
