brand_name,model_name,core_thickness_mm,core_material,face_material,shape,weight_grams,swing_weight,twist_weight,spin_rpm,power_original,handle_length,grip_circumference,power_rating,control_rating,spin_rating,sweet_spot_rating,available_in_brazil,image_url,is_featured,id,brand_id,search_keywords,created_at,updated_at,version_id,specs_source,validation_sources,specs_confidence
Pulse,Hyperlight (16Mm),,,,,,,,,,,,,,,,False,https://dcdn-us.mitiendanube.com/stores/006/894/516/products/r1-a9ed913e3f28cc197c17619326381420-1024-1024.webp,False,1b9bc1b6-6301-432b-8823-313de4dd99b3,20,,2026-03-22 21:53:07.791633,2026-03-22 21:53:07.791643,,manual,,1.0
Selkirk,Invikta Air,16.0,Polymer Honeycomb,carbon,elongated,227.0,115,6.5,1900,,5.5,4.25,8,,,,True,https://images.unsplash.com/photo-1554068865-24cecd4e6b8f?w=400,False,04419d57-688e-45a7-8a35-29ba7661498c,6,invikta,2026-03-21 22:51:47.916879,2026-03-21 22:51:47.916892,,seed,,1.0
Joola,Scoop Alpha,13.0,Polymer Honeycomb,carbon,standard,220.0,110,6.2,2100,,5.0,4.125,7,,,,True,https://images.unsplash.com/photo-1551698618-1dfe5d97d256?w=400,False,a2784c25-d4a4-4bb8-ac7a-c2d16afa9980,7,scoop,2026-03-21 22:51:47.927774,2026-03-21 22:51:47.927791,,seed,,1.0
Onix,Perseus Pro,14.0,Polymer Honeycomb,fiberglass,elongated,235.0,120,7.0,1800,,5.5,4.25,9,,,,True,https://images.unsplash.com/photo-1584464491033-06628f3a6b7b?w=400,False,705861a1-539e-4c24-b8a2-5f3a272a8d87,8,perseus,2026-03-21 22:51:47.934716,2026-03-21 22:51:47.934733,,seed,,1.0
Engage,Pursuit Pro,16.0,Polymer Honeycomb,carbon,standard,225.0,112,6.3,1950,,5.25,4.125,7,,,,True,https://images.unsplash.com/photo-1535131749006-b7f58c99034b?w=400,False,181b23dc-a386-4902-91d5-52353ee59ae3,9,pursuit,2026-03-21 22:51:47.940291,2026-03-21 22:51:47.940301,,seed,,1.0
Franklin,XLS Franklin,13.0,Polymer Honeycomb,fiberglass,elongated,230.0,118,6.8,1700,,5.0,4.25,8,,,,True,https://images.unsplash.com/photo-1558618666-fcd25c85cd64?w=400,False,995d6660-ec83-4413-888b-0b371fd95a54,10,xls,2026-03-21 22:51:47.943361,2026-03-21 22:51:47.943381,,seed,,1.0
Com,2 Raquetes Cs Pro Hyperlight (15Mm),,,,,,,,,,,,,,,,False,https://dcdn-us.mitiendanube.com/stores/006/894/516/products/copia-de-camiseta-alpha-branca-5fcbdd0d48e4974e0317619327074141-1024-1024.webp,False,6186ec38-f469-49c2-8e8f-63d6e8d78809,21,,2026-03-22 21:53:07.830351,2026-03-22 21:53:07.830362,,manual,,1.0
Cs,Pro Hyperlight (15Mm),,,,,,,,,,,,,,,,False,https://dcdn-us.mitiendanube.com/stores/006/894/516/products/cs-e40c00e6aaad68e54817619322928593-1024-1024.webp,False,a8522a61-3efd-488a-9e7c-5c5407a523bf,22,,2026-03-22 21:53:07.856709,2026-03-22 21:53:07.856715,,manual,,1.0
Boom,Hyperlight (15Mm),,,,,,,,,,,,,,,,False,https://dcdn-us.mitiendanube.com/stores/006/894/516/products/b2-f1b0784ca2700d28f617619319647350-1024-1024.webp,False,dcab9e26-0e74-4eb3-b621-e81d917090f3,23,,2026-03-22 21:53:07.877767,2026-03-22 21:53:07.877771,,manual,,1.0
Adidas,Pb Adipower Carbon Team Paddle (14Mm),,,,,,,,,,,,,,,,False,https://dcdn-us.mitiendanube.com/stores/006/894/516/products/add-147f484eb1ce1fa64317619315328411-1024-1024.webp,False,ee3d102e-723f-41f9-a5a2-a8fe87d39395,12,,2026-03-22 21:53:07.895639,2026-03-22 21:53:07.895644,,manual,,1.0
Adidas,Pb Adipower Carbon Team Paddle (16Mm),,,,,,,,,,,,,,,,False,https://dcdn-us.mitiendanube.com/stores/006/894/516/products/r1-93fd493a4a2dd799f017619312273492-1024-1024.webp,False,e3486111-a106-4612-b057-2470f7f2366b,12,,2026-03-22 21:53:07.915521,2026-03-22 21:53:07.915532,,manual,,1.0
Adidas,Pb Adipower Ctrl 2 Paddle (14Mm),,,,,,,,,,,,,,,,False,https://dcdn-us.mitiendanube.com/stores/006/894/516/products/ad2-ecb89cccdbcd9e68c317619309635348-1024-1024.webp,False,13ea9764-3ab9-491e-a036-f5008cfff04a,12,,2026-03-22 21:53:07.935962,2026-03-22 21:53:07.935967,,manual,,1.0
Adidas,Pb Adipower Attk 3.2 (14Mm),,,,,,,,,,,,,,,,False,https://dcdn-us.mitiendanube.com/stores/006/894/516/products/ad2-68c010c08109691c3117619306463337-1024-1024.webp,False,ead56381-6b7a-486c-a74c-888e4bc93b9e,12,,2026-03-22 21:53:07.952013,2026-03-22 21:53:07.952018,,manual,,1.0
Adidas,Pb Rx 44 2 Pb3Ca0U16 (14Mm),,,,,,,,,,,,,,,,False,https://dcdn-us.mitiendanube.com/stores/006/894/516/products/ad2-946f3172986505e29a17619302182613-1024-1024.webp,False,3e128644-e356-4af6-99af-5e7cbd66ef9d,12,,2026-03-22 21:53:07.966866,2026-03-22 21:53:07.966871,,manual,,1.0
Eagle,Pro Masasport (20Mm),,,,,,,,,,,,,,,,False,https://dcdn-us.mitiendanube.com/stores/006/894/516/products/eg1-7d938603eaadc2a44317619244642137-1024-1024.webp,False,9c793d3d-8028-44ba-b36a-5baee3771a15,24,,2026-03-22 21:53:07.986083,2026-03-22 21:53:07.986087,,manual,,1.0
Falcon,Pro Masasport (16Mm),,,,,,,,,,,,,,,,False,https://dcdn-us.mitiendanube.com/stores/006/894/516/products/f1-fca01716e612f0edc517619239829061-1024-1024.webp,False,d3030ee3-fb93-4d79-a2aa-c7500be895d0,25,,2026-03-22 21:53:08.002140,2026-03-22 21:53:08.002144,,manual,,1.0
Joola,Essentials (12Mm),,,,,,,,,,,,,,,,False,https://dcdn-us.mitiendanube.com/stores/006/894/516/products/pickleballpaddleessentials-hero-4655aa2760290914ba17618902814591-1024-1024.webp,False,7f8dd1f2-1ede-4388-8053-3ab030ad5200,7,,2026-03-22 21:53:08.016717,2026-03-22 21:53:08.016726,,manual,,1.0
Joola,Agassi/Graf Champion Set Ss25,,,,,,,,,,,,,,,,False,https://dcdn-us.mitiendanube.com/stores/006/894/516/products/ml_300663kitagassigraf-650acbafe9b78e368617618900420446-1024-1024.webp,False,bb478668-4ce4-46c9-8ffa-d03f18718a6e,7,,2026-03-22 21:53:08.030969,2026-03-22 21:53:08.030974,,manual,,1.0
Joola,Agassi Champion Ss25 (12Mm),,,,,,,,,,,,,,,,False,https://dcdn-us.mitiendanube.com/stores/006/894/516/products/raf41e_1-fb42d6bf3b703a607617618899601764-1024-1024.webp,False,342febfd-ec70-4639-b833-c86419369035,7,,2026-03-22 21:53:08.046766,2026-03-22 21:53:08.046770,,manual,,1.0
Joola,Graf Champion Ss25 (12Mm),,,,,,,,,,,,,,,,False,https://dcdn-us.mitiendanube.com/stores/006/894/516/products/raquet_1_03fb99b1-7846-4561-8092-57d245b900c9-06dadfec1ab199aa5417618898974775-1024-1024.webp,False,dc4911c9-42ce-40f0-86bb-32aa9829ca5f,7,,2026-03-22 21:53:08.060623,2026-03-22 21:53:08.060627,,manual,,1.0
Joola,Seneca Cds (16Mm),,,,,,,,,,,,,,,,False,https://dcdn-us.mitiendanube.com/stores/006/894/516/products/raquete-pickleball-joola-seneca-cds-16mm-carbon-drive-surface-grip-brasil-web1-fb527e17028609e08617618897330914-1024-1024.webp,False,097e018f-450c-4e45-86b8-d0a895da605a,7,,2026-03-22 22:17:49.095019,2026-03-22 22:17:49.095028,,manual,,1.0
Joola,Seneca Fds (14Mm),,,,,,,,,,,,,,,,False,https://dcdn-us.mitiendanube.com/stores/006/894/516/products/raquete-pickleball-joola-seneca-fds-14mm-fiberglass-drive-surface-grip-brasil-web1-b16469cac13deb421817618896733947-1024-1024.webp,False,96a2a600-574f-42e6-b24b-07e488e4927e,7,,2026-03-22 22:17:49.155611,2026-03-22 22:17:49.155621,,manual,,1.0
Joola,Ben Johns Perseus Cfs (16Mm),,,,,,,,,,,,,,,,False,https://dcdn-us.mitiendanube.com/stores/006/894/516/products/raaaaa_1-f5db457f1db19f2ca017618895807799-1024-1024.webp,False,bd6b3fd3-a2e2-471e-bcac-d471901947d8,7,,2026-03-22 22:17:49.184787,2026-03-22 22:17:49.184794,,manual,,1.0
Joola,Collin Johns Scorpeus Cfs (16Mm),,,,,,,,,,,,,,,,False,https://dcdn-us.mitiendanube.com/stores/006/894/516/products/rae2f7_1-37eb2c5afbd3c516fd17618895044753-1024-1024.webp,False,c71a1a46-34b1-405a-bbfd-48610dd06416,7,,2026-03-22 22:17:49.209518,2026-03-22 22:17:49.209525,,manual,,1.0
Joola,Anna Bright Scorpeus Cfs14,,,,,,,,,,,,,,,,False,https://dcdn-us.mitiendanube.com/stores/006/894/516/products/ra99d5_1-fe1d149638a02c5e6117618894051239-1024-1024.webp,False,01b8bcc9-2f69-4935-99e4-446105818307,7,,2026-03-22 22:17:49.236633,2026-03-22 22:17:49.236643,,manual,,1.0
Joola,Ben Johns Hyperion C2 Cfs (16Mm),,,,,,,,,,,,,,,,False,https://dcdn-us.mitiendanube.com/stores/006/894/516/products/ra4fa3_1-ca2429b8298327c4f517618892801380-1024-1024.webp,False,fbd62a30-cb71-4917-824a-9cbff2b2c8ad,7,,2026-03-22 22:17:49.264874,2026-03-22 22:17:49.264882,,manual,,1.0
Joola,Tyson Mcguffin Magnus Cas (14Mm),,,,,,,,,,,,,,,,False,https://dcdn-us.mitiendanube.com/stores/006/894/516/products/rad846_1-ee9b20a4fd689d530217618891502977-1024-1024.webp,False,3a8c28cb-f9bb-4325-a21f-01a4ba5ad2d2,7,,2026-03-22 22:17:49.279695,2026-03-22 22:17:49.279700,,manual,,1.0
Joola,Tyson Mcguffin Magnus 3S (16Mm),,,,,,,,,,,,,,,,False,https://dcdn-us.mitiendanube.com/stores/006/894/516/products/-1b18a0df1d15e5dde617618889153658-1024-1024.webp,False,664e0323-af11-4fc4-b002-c037a314ef84,7,,2026-03-22 22:17:49.296052,2026-03-22 22:17:49.296055,,manual,,1.0
Joola,Tyson Mcguffin Magnus 3S (14Mm),,,,,,,,,,,,,,,,False,https://dcdn-us.mitiendanube.com/stores/006/894/516/products/raquet_4_5b935fef-8c77-4528-9832-eaf2b847a0cf-9e8f4fb1f75483443217618888498336-1024-1024.webp,False,82a26862-3224-4a17-81cc-61b4cbf6d231,7,,2026-03-22 22:17:49.304734,2026-03-22 22:17:49.304738,,manual,,1.0
Joola,Collin Johns Scorpeus 3S (16Mm),,,,,,,,,,,,,,,,False,https://dcdn-us.mitiendanube.com/stores/006/894/516/products/ra6fae_1_03cb6883-c1ef-489a-ad3f-118ccc4539cd-24f7e8287b96146f8817618887833068-1024-1024.webp,False,2f381d4b-1495-440b-9db4-2f26e4e8c8d0,7,,2026-03-22 22:17:49.312790,2026-03-22 22:17:49.312793,,manual,,1.0
Joola,Anna Bright Scorpeus 3S (14Mm),,,,,,,,,,,,,,,,False,https://dcdn-us.mitiendanube.com/stores/006/894/516/products/ra8949_1-785e46f82015ac737217618887076566-1024-1024.webp,False,0af22584-0ef0-46c1-a889-99f1ec5b74f6,7,,2026-03-22 22:17:49.321402,2026-03-22 22:17:49.321406,,manual,,1.0
Joola,Simone Jardim Hyperion 3S (16Mm),,,,,,,,,,,,,,,,False,https://dcdn-us.mitiendanube.com/stores/006/894/516/products/rab2fc_1-4dafb45436c3647c0017618886254335-1024-1024.webp,False,518f9e9f-2e0a-4951-b5f3-5d8c04c74444,7,,2026-03-22 22:17:49.329842,2026-03-22 22:17:49.329845,,manual,,1.0
Joola,Ben Johns Hyperion 3S (14Mm),,,,,,,,,,,,,,,,False,https://dcdn-us.mitiendanube.com/stores/006/894/516/products/ra7df9_1-52dccaa0d49e7ed1bc17618884515931-1024-1024.webp,False,9507ab6c-575e-4201-9ed8-694f7128446c,7,,2026-03-22 22:17:49.338152,2026-03-22 22:17:49.338155,,manual,,1.0
Joola,Agassi Edge Ss25 (16Mm),,,,,,,,,,,,,,,,False,https://dcdn-us.mitiendanube.com/stores/006/894/516/products/ra4f03_1-fc53ffa9512dad66bf17618883186892-1024-1024.webp,False,e0819869-8add-49ba-90c8-ed343865c662,7,,2026-03-22 22:17:49.346150,2026-03-22 22:17:49.346153,,manual,,1.0
Joola,Graf Edge Ss25 (16Mm),,,,,,,,,,,,,,,,False,https://dcdn-us.mitiendanube.com/stores/006/894/516/products/ra08f1_1-63ad56db00468d337817618882582995-1024-1024.webp,False,821cc67d-3721-4402-a30a-3ae7f00ddbad,7,,2026-03-22 22:17:49.354454,2026-03-22 22:17:49.354456,,manual,,1.0
Joola,Anna Bright Scorpeus Pro Iv (14Mm),,,,,,,,,,,,,,,,False,https://dcdn-us.mitiendanube.com/stores/006/894/516/products/raquet_4_e0d1c7de-2f96-4ad8-8b41-0f33df8512ba-4618742f32039ef13917618879657962-1024-1024.webp,False,1b508d69-00e0-4043-adfd-9a46b4f56569,7,,2026-03-22 22:17:49.369385,2026-03-22 22:17:49.369388,,manual,,1.0
Joola,Agassi Pro,,,,,,,,,,,,,,,,False,https://dcdn-us.mitiendanube.com/stores/006/894/516/products/raquete-pickleball-joola-agassi-pro-14mm-andre-textured-carbon-fiber-grip-chip-nfc-upaa-usap-pbcor43-brasil-web1-239e02541671700ef817618878404091-1024-1024.webp,False,a775658b-41c7-4d38-9bb4-eb375bdcc8fa,7,,2026-03-22 22:17:49.376850,2026-03-22 22:17:49.376852,,manual,,1.0
Joola,Graf Pro (16Mm),,,,,,,,,,,,,,,,False,https://dcdn-us.mitiendanube.com/stores/006/894/516/products/ra9fc4_1-26d314f147b950bf3417618877611964-1024-1024.webp,False,6da6a6ca-fa7e-4485-b097-0bb425f8789f,7,,2026-03-22 22:17:49.384775,2026-03-22 22:17:49.384778,,manual,,1.0
Joola,Collin Johns Scorpeus Iv (16Mm),,,,,,,,,,,,,,,,False,https://dcdn-us.mitiendanube.com/stores/006/894/516/products/raa647_1-855c30e780b16c349417618876453851-1024-1024.webp,False,da2ac4b2-4e65-4ec4-9520-d9c9dba3ae05,7,,2026-03-22 22:17:49.392406,2026-03-22 22:17:49.392409,,manual,,1.0
Joola,Simone Jardim Hyperion Pro Iv (16Mm),,,,,,,,,,,,,,,,False,https://dcdn-us.mitiendanube.com/stores/006/894/516/products/ra463d_1-9b12b58e497c706ae517618872388577-1024-1024.webp,False,7e46830c-6217-4b76-be35-3423d5d5db01,7,,2026-03-22 22:17:49.411363,2026-03-22 22:17:49.411366,,manual,,1.0
Joola,Hyperion 3S Dual (16Mm),,,,,,,,,,,,,,,,False,https://dcdn-us.mitiendanube.com/stores/006/894/516/products/raquete-pickleball-joola-hyperion-3s-dual-ben-johns-16mm-carbon-friction-surface-grip-chip-nfc-upaa-usap-pbcor43-brasil-web1-3b022e576d0a31a7e817618870618175-1024-1024.webp,False,b3147ac0-5bb8-458d-abbc-95e75c951914,7,,2026-03-22 22:17:49.418841,2026-03-22 22:17:49.418843,,manual,,1.0
Joola,Scorpeus 3S Dual (14Mm),,,,,,,,,,,,,,,,False,https://dcdn-us.mitiendanube.com/stores/006/894/516/products/raquete-pickleball-joola-scorpeus-3s-dual-anna-bright-14mm-carbon-friction-surface-grip-chip-nfc-upaa-usap-pbcor43-brasil-web1-668b30c2707ad559cb17618851321135-1024-1024.webp,False,13906975-05ae-47ab-b728-00eac20cf869,7,,2026-03-22 22:17:49.426287,2026-03-22 22:17:49.426289,,manual,,1.0
Joola,Magnus 3S Dual (14Mm),,,,,,,,,,,,,,,,False,https://dcdn-us.mitiendanube.com/stores/006/894/516/products/raquete-pickleball-joola-magnus-3s-dual-tyson-mcguffin-14mm-carbon-friction-surface-grip-chip-nfc-upaa-usap-pbcor43-brasil-web1-0b81cbac87e940713017618852066175-1024-1024.webp,False,85111088-20f9-494c-aaed-661ef6e29295,7,,2026-03-22 22:17:49.433349,2026-03-22 22:17:49.433351,,manual,,1.0
Joola,Raquete Vyzaryz Freeze Hrd,,,,,,,,,,,,,,,,True,https://cdn.shopify.com/s/files/1/0710/1998/7182/files/bladeVyzaryzFreezeHRD-Vyzaryz-Freeze-HRD-Web-01.png?v=1730730490,False,031ed778-71f7-418f-81e2-dc7c141fed96,7,,2026-03-22 20:47:13.993083,2026-03-22 20:47:13.993092,,manual,,1.0
Selkirk,Labs Project Boomstik Enlongated 16Mm - Jack Sock,,,,,,,,,,,,,,,,True,https://acdn-us.mitiendanube.com/stores/002/859/813/products/86-adee9457d38371fa0617664077179109-1024-1024.webp,False,05605975-a907-41da-907a-44565e8cff97,6,,2026-03-22 20:49:20.234132,2026-03-22 20:49:20.234133,,manual,,1.0
3Rdshot,Venus 16Mm Nova Geração,,,,,,,,,,,,,,,,True,https://acdn-us.mitiendanube.com/stores/002/859/813/products/108-e78d3011b0f4051a8117718963030058-1024-1024.webp,False,05e23775-2671-4bcf-ba8a-e1b3c93d483d,15,,2026-03-22 20:49:20.257649,2026-03-22 20:49:20.257663,,manual,,1.0
Joola,Raquete Infinity Balance (Vermelha),,,,,,,,,,,,,,,,True,https://cdn.shopify.com/s/files/1/0710/1998/7182/files/raquete-joola-infinity-balance-tenis-mesa-ping-pong-madeira-brasil-vermelha-web1.png?v=1755888942,False,08137c46-ea01-40be-997b-da71ba85537b,7,,2026-03-22 20:47:14.016209,2026-03-22 20:47:14.016215,,manual,,1.0
Zcebra,Osprey Shotcore,,,,,,,,,,,,,,,,True,https://cdn.shopify.com/s/files/1/0962/5527/9386/files/raquete-de-pickleball-zcebra-osprey-shotcore_01.jpg?v=1772030675,False,0817c927-ebe9-4075-a151-7b678ccf94c1,11,,2026-03-22 20:48:08.870046,2026-03-22 20:48:08.870048,,manual,,1.0
Joola,Adicional: Serviço De Montagem De Raquete (Lilás No Forehand),,,,,,,,,,,,,,,,True,https://cdn.shopify.com/s/files/1/0710/1998/7182/files/Assembly-Black_01_debfd519-a2cd-4af5-a929-06ab68d377b3.jpg?v=1730730645,False,0858240d-aadb-43d5-9eb2-4aab9856f98f,7,,2026-03-22 20:47:14.118298,2026-03-22 20:47:14.118304,,manual,,1.0
Joola,Borracha Tronix Cmd,,,,,,,,,,,,,,,,True,https://cdn.shopify.com/s/files/1/0710/1998/7182/files/70586_JOOLA_Tronix-CMD_01_web.jpg?v=1736770282,False,08c93caa-4832-4c63-9bf9-b80fa1148cde,7,,2026-03-22 20:47:14.317574,2026-03-22 20:47:14.317579,,manual,,1.0
3Rdshot,Start,,,,,,,,,,,,,,,,True,https://acdn-us.mitiendanube.com/stores/002/859/813/products/fotos-site-11-09926787f3ffa576b417533652852452-1024-1024.webp,False,092b20cf-e851-4398-8216-6de8d963f23b,15,,2026-03-22 20:49:20.292568,2026-03-22 20:49:20.292571,,manual,,1.0
Joola,Agassi Pro Iv,,,,,,,,,,,,,,,,True,https://cdn.shopify.com/s/files/1/0962/5527/9386/files/50861fb0a71cc40c72fa365d0d0ca3d4.jpg?v=1761158588,False,0955fac3-eb95-4ddf-8425-e6bdba62a412,7,,2026-03-22 20:48:09.042152,2026-03-22 20:48:09.042154,,manual,,1.0
Joola,Raquete Proline One,,,,,,,,,,,,,,,,True,https://cdn.shopify.com/s/files/1/0710/1998/7182/files/1_42459f55-7d4e-44f8-bbee-749faee1b538.jpg?v=1751311632,False,0b41be27-2c10-4564-b3fc-fea2de681a05,7,,2026-03-22 20:47:13.865034,2026-03-22 20:47:13.865041,,manual,,1.0
Joola,Borracha Dynaryz Zgr,,,,,,,,,,,,,,,,True,https://cdn.shopify.com/s/files/1/0710/1998/7182/files/70521_JOOLA_DynaryzZGR_01_web.jpg?v=1736778449,False,10af77b9-7ab2-49b0-b173-cd447db1c4f2,7,,2026-03-22 20:47:14.229328,2026-03-22 20:47:14.229333,,manual,,1.0
Slk,Era Enlongated,,,,,,,,,,,,,,,,True,https://acdn-us.mitiendanube.com/stores/002/859/813/products/92-e5e45a0e4d792da44317615885975199-1024-1024.webp,False,11b285a9-ff67-4b19-9b99-4fce9ae70541,18,,2026-03-22 20:49:20.392288,2026-03-22 20:49:20.392295,,manual,,1.0
Zcebra,Black Mamba,,,,,,,,,,,,,,,,True,https://cdn.shopify.com/s/files/1/0962/5527/9386/files/raquete-de-pickleball-zcebra-black-mamba_01_e3809b60-e405-4779-b5d3-a7211f56c732.jpg?v=1772030180,False,12291ab2-3d7c-4175-8835-c6d7caa55249,11,,2026-03-22 20:48:08.860308,2026-03-22 20:48:08.860311,,manual,,1.0
Zcebra,Totem Trinom,,,,,,,,,,,,,,,,True,https://cdn.shopify.com/s/files/1/0962/5527/9386/files/raquete-de-pickleball-zcebra-totem-trinon_01_d0be1423-566e-4399-9b15-14c9e2b2a48f.jpg?v=1772137499,False,13e677e7-9da8-4730-9b47-c92198a0b592,11,,2026-03-22 20:48:08.866218,2026-03-22 20:48:08.866219,,manual,,1.0
Selkirk,Labs Project Boomstik Enlongated 16Mm Regal - Edition Limited,,,,,,,,,,,,,,,,True,https://acdn-us.mitiendanube.com/stores/002/859/813/products/89-73c84fd36195aa26f817664078275162-1024-1024.webp,False,13f654c8-78b8-49e6-b555-47f16ee53212,6,,2026-03-22 20:49:20.456841,2026-03-22 20:49:20.456848,,manual,,1.0
Joola,Fita Para Raquete De Tênis De Mesa Dynaryz,,,,,,,,,,,,,,,,True,https://cdn.shopify.com/s/files/1/0710/1998/7182/files/edgetapeDynaryz_01_56a2768a-6d9c-4e57-89cd-0f453a7f2351.png?v=1730733233,False,1abc7ae0-2bcd-4de8-9083-87f7fe5c9e39,7,,2026-03-22 20:47:14.381170,2026-03-22 20:47:14.381175,,manual,,1.0
Starvie,Astrum,,,,,,,,,,,,,,,,True,https://cdn.shopify.com/s/files/1/0962/5527/9386/files/ab3358111abeaa921c75e1e9f3e0b516.jpg?v=1761158835,False,20286ce9-6952-4edd-ab89-7b1359845ade,13,,2026-03-22 20:48:08.948547,2026-03-22 20:48:08.948549,,manual,,1.0
4X,Raquete 3Rdshot Start 16Mm,,,,,,,,,,,,,,,,True,https://acdn-us.mitiendanube.com/stores/002/859/813/products/fotos-site-3-913ce52f0470a0c6c317634274889248-1024-1024.webp,False,205ced2b-ee32-44bf-94eb-2109cf0e032d,19,,2026-03-22 20:49:20.274681,2026-03-22 20:49:20.274683,,manual,,1.0
Joola,Graf Edge Ss25,,,,,,,,,,,,,,,,True,https://cdn.shopify.com/s/files/1/0962/5527/9386/files/74ff1b2359bff221087410ecc14da374.jpg?v=1761158689,False,205ff225-4772-409f-bbbc-bd2ee6e9051d,7,,2026-03-22 20:48:08.978857,2026-03-22 20:48:08.978859,,manual,,1.0
Joola,Kosmos Pro V - 14Mm - Tyson Mcguffin,,,,,,,,,,,,,,,,True,https://cdn.shopify.com/s/files/1/0962/5527/9386/files/raquete-de-pickleball-joola-kosmos-pro-v-14mm_01.jpg?v=1772629817,False,22786c85-ed5d-486c-9ceb-5d944e0132c6,7,,2026-03-22 20:48:08.825987,2026-03-22 20:48:08.825988,,manual,,1.0
Adidas,Adipower Carbon Control,,,,,,,,,,,,,,,,True,https://cdn.shopify.com/s/files/1/0962/5527/9386/files/3de168680ebcd11a306ba449b9260f04.jpg?v=1761158536,False,22c0797b-e303-411f-a76c-a2c95e85e254,12,,2026-03-22 20:48:09.067590,2026-03-22 20:48:09.067593,,manual,,1.0
Proxr,Signature Series 16Mm,,,,,,,,,,,,,,,,True,https://acdn-us.mitiendanube.com/stores/002/859/813/products/29-8a5ead0bbf4111b55317234848049217-1024-1024.webp,False,234025c3-80b2-4f54-b804-ac8404bb4391,17,,2026-03-22 20:49:20.213465,2026-03-22 20:49:20.213467,,manual,,1.0
Drop Shot,Conqueror Attack,,,,,,,,,,,,,,,,True,https://cdn.shopify.com/s/files/1/0962/5527/9386/files/87967d65ba8d40363f122d4ff44c23df.jpg?v=1761158538,False,24206d58-4d84-4c5b-b0fe-27db6f308629,14,,2026-03-22 20:48:09.058194,2026-03-22 20:48:09.058195,,manual,,1.0
Joola,Ben Johns Perseus Pro Iv,,,,,,,,,,,,,,,,True,https://cdn.shopify.com/s/files/1/0962/5527/9386/files/f9dc018f67a5191c5257e0dfa3c10106.jpg?v=1761158672,False,2509c48a-dc75-43f8-bec0-7e3ab2150051,7,,2026-03-22 20:48:08.886523,2026-03-22 20:48:08.886525,,manual,,1.0
Slk,Era Enlongated 16Mm Sunset - Edition Limited,,,,,,,,,,,,,,,,True,https://acdn-us.mitiendanube.com/stores/002/859/813/products/95-4392f4adaf06f7132717664094833459-1024-1024.webp,False,25462bf9-1efb-4634-b918-3b2234cbd2b2,18,,2026-03-22 20:49:20.263544,2026-03-22 20:49:20.263546,,manual,,1.0
Drop Shot,Conqueror Control Pk,,,,,,,,,,,,,,,,True,https://cdn.dooca.store/2621/products/dsc4752-1_450x600+fill_ffffff+crop_center.jpeg?v=1719405992,False,255bd2be-8b3c-477f-8f0d-9067304fd1a6,14,,2026-03-22 20:50:13.618594,2026-03-22 20:50:13.618599,,manual,,1.0
Drop Shot,Axion Control Pk,,,,,,,,,,,,,,,,True,https://cdn.dooca.store/2621/products/dsc4759-1_450x600+fill_ffffff+crop_center.jpeg?v=1719406063,False,25ade14f-df8a-4d1e-af1a-f00508abe89c,14,,2026-03-22 20:50:13.664899,2026-03-22 20:50:13.664909,,manual,,1.0
Joola,Raquete Proline Aw7,,,,,,,,,,,,,,,,True,https://cdn.shopify.com/s/files/1/0710/1998/7182/files/1_2e2eabf8-8a0d-4486-9b7a-e40e6e0729f7.jpg?v=1751309980,False,262fe988-b2f0-4161-a5a9-f54fb72ae949,7,,2026-03-22 20:47:13.952881,2026-03-22 20:47:13.952893,,manual,,1.0
Paddletek,Bantam Alw-C 12.7Mm Anna Leight Waters,,,,,,,,,,,,,,,,True,https://acdn-us.mitiendanube.com/stores/002/859/813/products/2-ce4a64841b11d07fbe17272689169437-1024-1024.webp,False,29dfd9bf-1b86-4fda-8919-53e2e937ace5,16,,2026-03-22 20:49:20.220512,2026-03-22 20:49:20.220515,,manual,,1.0
Joola,Borracha Micron,,,,,,,,,,,,,,,,True,https://cdn.shopify.com/s/files/1/0710/1998/7182/files/70269_JOOLA_Micron_01_web.jpg?v=1736776664,False,2ded78b5-c452-4504-bcc6-efd668d77c83,7,,2026-03-22 20:47:13.842528,2026-03-22 20:47:13.842535,,manual,,1.0
Drop Shot,Kibo Control Pk,,,,,,,,,,,,,,,,True,https://cdn.dooca.store/2621/products/dsc4762-1_450x600+fill_ffffff+crop_center.jpeg?v=1719405818,False,2ebdb07f-c752-4b63-873c-ba38b057d501,14,,2026-03-22 20:50:13.443699,2026-03-22 20:50:13.443711,,manual,,1.0
Joola,Raquete Proline Iac,,,,,,,,,,,,,,,,True,https://cdn.shopify.com/s/files/1/0710/1998/7182/files/raquete-joola-proline-iac-tenis-mesa-ping-pong-madeira-brasil-web1.jpg?v=1756825582,False,30c0a546-db85-4cd6-b2c8-6d767889b176,7,,2026-03-22 20:47:13.887208,2026-03-22 20:47:13.887217,,manual,,1.0
Joola,Ben Johns Perseus 3S,,,,,,,,,,,,,,,,True,https://cdn.shopify.com/s/files/1/0962/5527/9386/files/2029224bcd411fc596f04929e1607bc1.jpg?v=1761158617,False,34300b74-5c1d-4956-85ec-91bb4067a598,7,,2026-03-22 20:48:08.881498,2026-03-22 20:48:08.881500,,manual,,1.0
Joola,Kosmos Pro V - 16Mm - Federico Staksrud,,,,,,,,,,,,,,,,True,https://cdn.shopify.com/s/files/1/0962/5527/9386/files/raquete-de-pickleball-joola-kosmos-pro-v_01.jpg?v=1772629765,False,34486be1-f8a1-4c38-8a73-a5b843708bcf,7,,2026-03-22 20:48:08.849331,2026-03-22 20:48:08.849333,,manual,,1.0
Joola,Ben Johns Hyperion Pro Iv,,,,,,,,,,,,,,,,True,https://cdn.shopify.com/s/files/1/0962/5527/9386/files/8b0e2981dc4c9ebb35858b90a2b5190a.jpg?v=1761158613,False,34f6268e-e684-4b2d-bd50-d16323b4a337,7,,2026-03-22 20:48:09.015410,2026-03-22 20:48:09.015412,,manual,,1.0
Drop Shot,Explorer Control Pk,,,,,,,,,,,,,,,,True,https://cdn.dooca.store/2621/products/dsc4792-1_450x600+fill_ffffff+crop_center.jpeg?v=1719406053,False,35490fc1-d2a0-4d7c-9ab1-b479b64c4fb6,14,,2026-03-22 20:50:13.510182,2026-03-22 20:50:13.510187,,manual,,1.0
Drop Shot,Explorer Attack Pk,,,,,,,,,,,,,,,,True,https://cdn.dooca.store/2621/products/dsc4789-1_450x600+fill_ffffff+crop_center.jpeg?v=1719406056,False,3753185c-7b03-4f7e-964f-89bd477e7dde,14,,2026-03-22 20:50:13.534140,2026-03-22 20:50:13.534150,,manual,,1.0
Joola,Fita Para Raquete De Tênis De Mesa '20,,,,,,,,,,,,,,,,True,https://cdn.shopify.com/s/files/1/0710/1998/7182/files/edgetapeJoola2020_01_aaa3b2b9-ebbc-4ab6-8a44-353c32871cbc.png?v=1730731989,False,37dc02ac-b173-40b9-a720-ab037955ec2d,7,,2026-03-22 20:47:14.402094,2026-03-22 20:47:14.402104,,manual,,1.0
Franklin,Fs Tour Series Tempo 16Mm - Carbono Bruto T700,,,,,,,,,,,,,,,,True,https://cdn.shopify.com/s/files/1/0962/5527/9386/files/raquete-de-pickleball-franklin-tour-tempo-16mm-azul_01_a1ed97fe-67b7-4762-b295-c4b43ff86a48.jpg?v=1773949021,False,38d8de3a-5a10-4d04-82d6-7b8c4c3cf97e,10,,2026-03-22 20:48:08.764263,2026-03-22 20:48:08.764264,,manual,,1.0
Selkirk,Invikta Luxx Control Infinigrit,,,,,,,,,,,,,,,,True,https://acdn-us.mitiendanube.com/stores/002/859/813/products/4-870cf1d41c2fd235ce17611432160834-1024-1024.webp,False,3a0dcb56-3597-4505-b320-cda4e319d0ef,6,,2026-03-22 20:49:20.178813,2026-03-22 20:49:20.178814,,manual,,1.0
Joola,Perseus Double Vision -,,,,,,,,,,,,,,,,True,https://cdn.shopify.com/s/files/1/0962/5527/9386/files/b2e45b99b58fd7f793878bb4e2dd247b.jpg?v=1768943682,False,410a3803-5bfc-40bd-877e-4e2d5003e5ff,7,,2026-03-22 20:48:08.918028,2026-03-22 20:48:08.918029,,manual,,1.0
Drop Shot,Kibo Attack Pk,,,,,,,,,,,,,,,,True,https://cdn.dooca.store/2621/products/dsc4769-1_450x600+fill_ffffff+crop_center.jpeg?v=1719405833,False,424dd621-9885-4068-ba1e-acd34d5700a8,14,,2026-03-22 20:50:13.468273,2026-03-22 20:50:13.468279,,manual,,1.0
Joola,Raquete Match Pro,,,,,,,,,,,,,,,,True,https://cdn.shopify.com/s/files/1/0710/1998/7182/files/raquete-joola-tenis-mesa-ping-pong-match-pro-friction-vizon-ittf-brasil-web1.jpg?v=1755888375,False,4675e34b-5045-4854-9b5b-e93e39fbf829,7,,2026-03-22 20:47:13.745519,2026-03-22 20:47:13.745526,,manual,,1.0
Adidas,Adipower Attk3,,,,,,,,,,,,,,,,True,https://cdn.shopify.com/s/files/1/0962/5527/9386/files/Raquete-de-Pickleball-Adidas-Adipower-ATTK3-01.jpg?v=1771447130,False,469e614e-ea22-413d-9d5c-600c304aa2ad,12,,2026-03-22 20:48:08.895642,2026-03-22 20:48:08.895644,,manual,,1.0
3Rdshot,Touch Control 16Mm,,,,,,,,,,,,,,,,True,https://acdn-us.mitiendanube.com/stores/002/859/813/products/37-31f09d7163b2c834f517404899560994-1024-1024.webp,False,4bc7d07e-ecfb-4bdb-aacc-10803f3c385a,15,,2026-03-22 20:49:20.151700,2026-03-22 20:49:20.151703,,manual,,1.0
Franklin,Fs Tour Series Dynasty 16Mm - Carbono Bruto T700,,,,,,,,,,,,,,,,True,https://cdn.shopify.com/s/files/1/0962/5527/9386/files/raquete-de-pickleball-franklin-tour-dinasty-16mm-rosa_01.jpg?v=1773319966,False,4e179e81-aaf9-4ecc-83b0-90c1036d9bf4,10,,2026-03-22 20:48:08.771861,2026-03-22 20:48:08.771863,,manual,,1.0
Selkirk,Invikta Amped Pro Air Jack Sock,,,,,,,,,,,,,,,,True,https://acdn-us.mitiendanube.com/stores/002/859/813/products/106-28f0e3f945eea9769417392875649151-1024-1024.webp,False,505b192b-b7fc-4ab8-863a-c256cd47fccc,6,,2026-03-22 20:49:20.321915,2026-03-22 20:49:20.321918,,manual,,1.0
Franklin,Fs Tour Series Dynasty 14Mm - Carbono Bruto T700,,,,,,,,,,,,,,,,True,https://cdn.shopify.com/s/files/1/0962/5527/9386/files/raquete-de-pickleball-franklin-tour-dinasty-14mm-azul_01_4b9f3747-500e-4fca-be22-68c2ca4221f1.jpg?v=1773320223,False,51cc75af-5aec-46e9-9749-16d51e5716ce,10,,2026-03-22 20:48:08.768280,2026-03-22 20:48:08.768281,,manual,,1.0
Joola,Collin Johns Scorpeus Pro Iv,,,,,,,,,,,,,,,,True,https://cdn.shopify.com/s/files/1/0962/5527/9386/files/8bf6d9ba0489d47ee8da03c940a08da1.jpg?v=1761158683,False,526b5e14-3314-4c26-8b42-b164eed262a4,7,,2026-03-22 20:48:08.986095,2026-03-22 20:48:08.986098,,manual,,1.0
Joola,Hyperion 3S Dual,,,,,,,,,,,,,,,,True,https://cdn.shopify.com/s/files/1/0962/5527/9386/files/11469397dfa1d96375fb3e406fcced68.jpg?v=1769102467,False,5321283a-be8a-40f9-95a5-f305db15177a,7,,2026-03-22 20:48:08.907410,2026-03-22 20:48:08.907412,,manual,,1.0
Joola,Perseus Pro V Ben Johns -,,,,,,,,,,,,,,,,True,https://cdn.shopify.com/s/files/1/0962/5527/9386/files/raquete-de-pickleball-joola-perseus-pro-v-14mm_01.jpg?v=1772630343,False,5562ee59-267c-4cb0-b33c-d5b0ce1f593c,7,,2026-03-22 20:48:08.831369,2026-03-22 20:48:08.831371,,manual,,1.0
Joola,Adicional: Serviço De Montagem De Raquete (Vermelho No Forehand),,,,,,,,,,,,,,,,True,https://cdn.shopify.com/s/files/1/0710/1998/7182/files/Assembly-Black_01_ee5f3a08-1caa-4733-a1ba-8b891318cb71.jpg?v=1730730654,False,5907e822-4c49-4a5b-923b-912a5e0bd64b,7,,2026-03-22 20:47:14.422294,2026-03-22 20:47:14.422300,,manual,,1.0
Paddletek,Tempest Wave Pro-C 14.3Mm,,,,,,,,,,,,,,,,True,https://acdn-us.mitiendanube.com/stores/002/859/813/products/tempest-blue-front-image-bda781d8de8387f98917153585641283-1024-1024.webp,False,5a133c01-4748-41fe-9c26-e7e7bf9cb1f0,16,,2026-03-22 20:49:20.251041,2026-03-22 20:49:20.251044,,manual,,1.0
Paddletek,Tempest Tko-C 14.3Mm,,,,,,,,,,,,,,,,True,https://acdn-us.mitiendanube.com/stores/002/859/813/products/tempest-tko-c-purple-front-aa728b19b61fbbf42e17153590809584-1024-1024.webp,False,5bd6eee1-8e30-405e-a76a-12528c461c21,16,,2026-03-22 20:49:20.547702,2026-03-22 20:49:20.547708,,manual,,1.0
Joola,Raquete Infinity Balance (Verde),,,,,,,,,,,,,,,,True,https://cdn.shopify.com/s/files/1/0710/1998/7182/files/raquete-joola-infinity-balance-tenis-mesa-ping-pong-madeira-brasil-verde-web1.jpg?v=1755888882,False,5c9d8168-37c5-47ea-aa7b-5721befa4cfc,7,,2026-03-22 20:47:13.769032,2026-03-22 20:47:13.769038,,manual,,1.0
Joola,Tyson Mcguffin Magnus 3S,,,,,,,,,,,,,,,,True,https://cdn.shopify.com/s/files/1/0962/5527/9386/files/c8e634e5aea297f2d1d647b1a6c25827.jpg?v=1761158751,False,5f9546ca-019e-4eb1-a823-22d2fa52170a,7,,2026-03-22 20:48:08.963618,2026-03-22 20:48:08.963621,,manual,,1.0
Joola,Agassi Champion Ss25 -,,,,,,,,,,,,,,,,True,https://cdn.shopify.com/s/files/1/0962/5527/9386/files/Raquete-de-Pickleball-Joola-Agassi-Champion-SS25-12mm-01_32b0efa2-2894-46b2-a3c6-e11ab19a8d4a.jpg?v=1771514024,False,6011a96f-c8b1-45de-9775-7dd7ec5b5df3,7,,2026-03-22 20:48:08.890683,2026-03-22 20:48:08.890684,,manual,,1.0
Joola,Perseus Pro V - 16Mm Simone Jardim,,,,,,,,,,,,,,,,True,https://cdn.shopify.com/s/files/1/0962/5527/9386/files/raquete-de-pickleball-joola-perseus-pro-v-simone-jardim-16mm_01.jpg?v=1772645253,False,638dad7f-acbf-43e7-ae6e-7ba4cd11b0d8,7,,2026-03-22 20:48:08.835628,2026-03-22 20:48:08.835630,,manual,,1.0
Joola,Ben Johns Hyperion 3S,,,,,,,,,,,,,,,,True,https://cdn.shopify.com/s/files/1/0962/5527/9386/files/27204287445ea4ae09e34ed28b6ca98c.jpg?v=1761158602,False,63bd95c9-97be-4e9f-a672-af0ca4c713c4,7,,2026-03-22 20:48:08.938366,2026-03-22 20:48:08.938369,,manual,,1.0
Franklin,Youth Rock Star Infantil Sealife,,,,,,,,,,,,,,,,True,https://cdn.shopify.com/s/files/1/0962/5527/9386/files/raquete-de-pickleball-franklin-youth-rock-star-sealife_01.jpg?v=1773321793,False,68359f91-a1e8-4188-92bc-558fe4b3e6e8,10,,2026-03-22 20:48:08.741302,2026-03-22 20:48:08.741304,,manual,,1.0
Joola,Borracha Express Ultra (Pino Curto),,,,,,,,,,,,,,,,True,https://cdn.shopify.com/s/files/1/0710/1998/7182/files/70130_JOOLA_Express-Ultra_01_web.jpg?v=1736777573,False,6add59c1-f04a-4cdc-bac9-c36306884ec7,7,,2026-03-22 20:47:14.207056,2026-03-22 20:47:14.207066,,manual,,1.0
Selkirk,Labs Project Boomstik Widebody 16Mm Regal - Edition Limited,,,,,,,,,,,,,,,,True,https://acdn-us.mitiendanube.com/stores/002/859/813/products/93-10a6593ac65b75968e17664082326468-1024-1024.webp,False,6b7baf29-3fc3-44ec-98f2-84c75162e083,6,,2026-03-22 20:49:20.372457,2026-03-22 20:49:20.372466,,manual,,1.0
Drop Shot,Furia Control Pk,,,,,,,,,,,,,,,,True,https://cdn.dooca.store/2621/products/dsc4755-1-1_450x600+fill_ffffff+crop_center.jpeg?v=1744291029,False,6bc1b474-6c04-47eb-b456-d93fc957738c,14,,2026-03-22 20:50:13.576335,2026-03-22 20:50:13.576339,,manual,,1.0
Joola,Perseus 3S Dual,,,,,,,,,,,,,,,,True,https://cdn.shopify.com/s/files/1/0962/5527/9386/files/raquete_de_pickleball_joola_perseus_3s_dual_16mm_1_20251027133304_309d479afb98.webp?v=1769103829,False,6c537d19-0a04-416f-89ce-cf6be5d4b69b,7,,2026-03-22 20:48:08.903751,2026-03-22 20:48:08.903752,,manual,,1.0
Joola,Raquete Tezzo Warrior,,,,,,,,,,,,,,,,True,https://cdn.shopify.com/s/files/1/0710/1998/7182/files/Tezzo-Warrior-Blade-61210-Web-01.png?v=1730732052,False,6cab4b73-756e-42d8-8fc4-fd54284f9f57,7,,2026-03-22 20:47:14.362245,2026-03-22 20:47:14.362251,,manual,,1.0
Joola,Borracha Dynaryz Zgx,,,,,,,,,,,,,,,,True,https://cdn.shopify.com/s/files/1/0710/1998/7182/files/borracha-joola-tenis-mesa-dynaryz-zgx-rubber-brasil-preto-web1.jpg?v=1756493872,False,701151dc-db1e-4023-b49b-509bcb2c7712,7,,2026-03-22 20:47:14.338695,2026-03-22 20:47:14.338704,,manual,,1.0
3Rdshot,Oberon,,,,,,,,,,,,,,,,True,https://acdn-us.mitiendanube.com/stores/002/859/813/products/110-f6ddf483e227d818ff17652976225267-1024-1024.png,False,71815b53-d7f0-4ea5-94b9-fee8ac72d2e4,15,,2026-03-22 20:49:20.268489,2026-03-22 20:49:20.268491,,manual,,1.0
Engage,Pursuit Pro1 Innovation 15.2Mm,,,,,,,,,,,,,,,,True,https://acdn-us.mitiendanube.com/stores/002/859/813/products/68-ea743db1aa90ce63b717476619692443-1024-1024.webp,False,72b92f16-42c9-47a9-b4e9-328a690f3746,9,,2026-03-22 20:49:20.437263,2026-03-22 20:49:20.437274,,manual,,1.0
Joola,Anna Bright Scorpeus Gen 3,,,,,,,,,,,,,,,,True,https://cdn.shopify.com/s/files/1/0962/5527/9386/files/8f1c4e30e4e01e383b18c9f1004ad575.jpg?v=1761158594,False,73c3cecb-004c-4d3d-bebb-cc2f4a2b0096,7,,2026-03-22 20:48:09.024998,2026-03-22 20:48:09.025001,,manual,,1.0
Joola,Rubber Cleaner Set (125Ml),,,,,,,,,,,,,,,,True,https://cdn.shopify.com/s/files/1/0710/1998/7182/files/84052_JOOLA_Pro-Cleaner-Set_01_web.jpg?v=1732814169,False,7714d76d-98a0-44e2-ac27-92343612a657,7,,2026-03-22 20:47:14.139873,2026-03-22 20:47:14.139884,,manual,,1.0
Joola,Agassi Edge Heat Vision -,,,,,,,,,,,,,,,,True,https://cdn.shopify.com/s/files/1/0962/5527/9386/files/f3fa2b4c2489003d6c0d888521d1204c.jpg?v=1768943677,False,774c51c0-891a-4420-903f-7fa85c520c95,7,,2026-03-22 20:48:08.929190,2026-03-22 20:48:08.929193,,manual,,1.0
Joola,Steffi Graf Pro V -,,,,,,,,,,,,,,,,True,https://cdn.shopify.com/s/files/1/0962/5527/9386/files/raquete-de-pickleball-joola-steffi-graf-pro-v_01.jpg?v=1772731286,False,77aff234-715e-4201-a245-37abcad349f6,7,,2026-03-22 20:48:08.798090,2026-03-22 20:48:08.798093,,manual,,1.0
Engage,Pursuit Pro1 Widebody 12.7Mm,,,,,,,,,,,,,,,,True,https://acdn-us.mitiendanube.com/stores/002/859/813/products/70-5e25cb9d66633ba49717476632895662-1024-1024.webp,False,77bf5a4a-8cca-4b8f-935e-054757a0e085,9,,2026-03-22 20:49:20.299058,2026-03-22 20:49:20.299060,,manual,,1.0
Joola,Borracha Dynaryz Cmd,,,,,,,,,,,,,,,,True,https://cdn.shopify.com/s/files/1/0710/1998/7182/files/70531_JOOLA_Dynaryz-CMD_01_web_ea9338c9-53b3-46d7-8472-ae0e0ad87992.jpg?v=1736774341,False,7b81a7a1-12a1-4ddb-8d93-e0520e6dda78,7,,2026-03-22 20:47:14.164094,2026-03-22 20:47:14.164102,,manual,,1.0
Joola,Anna Bright Scorpeus 3S,,,,,,,,,,,,,,,,True,https://cdn.shopify.com/s/files/1/0962/5527/9386/files/69d32b01ef54cdc48c8be2744650fe22.jpg?v=1761158590,False,8279b26b-b3f8-4474-be5e-46c3225ff078,7,,2026-03-22 20:48:09.033889,2026-03-22 20:48:09.033892,,manual,,1.0
Joola,Borracha Tronix Zgr,,,,,,,,,,,,,,,,True,https://cdn.shopify.com/s/files/1/0710/1998/7182/files/70598_JOOLA_Tronix-ZGR_01_web.jpg?v=1736772306,False,84664183-40f4-4f54-8279-2bb6b0c90df1,7,,2026-03-22 20:47:14.272301,2026-03-22 20:47:14.272311,,manual,,1.0
Joola,Raquete Vyzaryz Trinity,,,,,,,,,,,,,,,,True,https://cdn.shopify.com/s/files/1/0710/1998/7182/files/bladeVyzaryzTrinity_01.png?v=1730729649,False,85d3141f-b778-4ed9-8b1f-9b2eb0941ab2,7,,2026-03-22 20:47:14.053203,2026-03-22 20:47:14.053211,,manual,,1.0
Drop Shot,Explorer Comfort Pk,,,,,,,,,,,,,,,,True,https://cdn.dooca.store/2621/products/dsc4795-1jpeg_450x600+fill_ffffff+crop_center.jpeg?v=1719405867,False,8847c16a-a27d-4a86-9a90-bdc2d43dc609,14,,2026-03-22 20:50:13.489128,2026-03-22 20:50:13.489133,,manual,,1.0
Joola,Cola Glue Lex Green,,,,,,,,,,,,,,,,True,https://cdn.shopify.com/s/files/1/0710/1998/7182/files/gluelex_100.png?v=1730729804,False,8cabb82c-460b-4992-b4aa-30639d0cc420,7,,2026-03-22 20:47:13.974413,2026-03-22 20:47:13.974419,,manual,,1.0
Joola,Borracha Vizon,,,,,,,,,,,,,,,,True,https://cdn.shopify.com/s/files/1/0710/1998/7182/files/70019_JOOLA_Vizon_01_web.jpg?v=1736776066,False,8d2b3753-24ad-4b37-92e7-eb248a1e8e25,7,,2026-03-22 20:47:14.098639,2026-03-22 20:47:14.098645,,manual,,1.0
Franklin,Fs Tour Series Tempo 14Mm - Carbono Bruto T700,,,,,,,,,,,,,,,,True,https://cdn.shopify.com/s/files/1/0962/5527/9386/files/raquete-de-pickleball-franklin-tour-tempo-14mm-rosa_01.jpg?v=1773320779,False,8dca46f7-22fb-4698-a498-84139fa255e3,10,,2026-03-22 20:48:08.757477,2026-03-22 20:48:08.757478,,manual,,1.0
Joola,Borracha Dynaryz Agr,,,,,,,,,,,,,,,,True,https://cdn.shopify.com/s/files/1/0710/1998/7182/files/70511_JOOLA_Dynaryz-AGR_01_web_3b6ecfa2-c915-4662-bf49-e5ef23c90d1a.jpg?v=1736774237,False,8e5ead28-98bc-4b85-8701-14b2d557de48,7,,2026-03-22 20:47:14.185381,2026-03-22 20:47:14.185387,,manual,,1.0
Joola,Adicional: Serviço De Montagem De Raquete (Azul No Forehand),,,,,,,,,,,,,,,,True,https://cdn.shopify.com/s/files/1/0710/1998/7182/files/Assembly-Black_01_f990627a-c650-40c4-8056-7fba98d2b45c.jpg?v=1730730636,False,8f1393be-af11-4b74-b9e7-eb550589f5c6,7,,2026-03-22 20:47:14.076634,2026-03-22 20:47:14.076642,,manual,,1.0
Joola,Anna Bright Scorpeus Pro Iv,,,,,,,,,,,,,,,,True,https://cdn.shopify.com/s/files/1/0962/5527/9386/files/5cdca202df6a8c5098b3aeabbbde2f1f.jpg?v=1761158597,False,913749e0-fac7-46df-a850-6ba7b15d2682,7,,2026-03-22 20:48:08.874833,2026-03-22 20:48:08.874835,,manual,,1.0
Paddletek,Bantam Tko-C 12.7Mm,,,,,,,,,,,,,,,,True,https://acdn-us.mitiendanube.com/stores/002/859/813/products/tko-blue-c-12-image-287bdcf54e29907b1517153594180295-1024-1024.webp,False,96e84d6c-7e01-4391-8666-2251bad92b25,16,,2026-03-22 20:49:20.335007,2026-03-22 20:49:20.335011,,manual,,1.0
Franklin,Pro C45 Dynasty 16Mm - Carbono T700,,,,,,,,,,,,,,,,True,https://cdn.shopify.com/s/files/1/0962/5527/9386/files/raquete-de-pickleball-franklin-c45-dinasty-16mm-mint_01.jpg?v=1773319225,False,9b2dd1a0-3d5a-4edf-9fe0-a8fb97b07f11,10,,2026-03-22 20:48:08.785890,2026-03-22 20:48:08.785892,,manual,,1.0
Joola,Borracha Dynaryz Inferno,,,,,,,,,,,,,,,,True,https://cdn.shopify.com/s/files/1/0710/1998/7182/files/borracha-joola-tenis-mesa-dynaryz-inferno-rubber-brasil-lilas-web1.jpg?v=1756496262,False,a0e5a6b4-a5b8-4e01-b51b-c2cf3e699901,7,,2026-03-22 20:47:14.250012,2026-03-22 20:47:14.250021,,manual,,1.0
Joola,Raquete Infinity Balance (Azul),,,,,,,,,,,,,,,,True,https://cdn.shopify.com/s/files/1/0710/1998/7182/files/raquete-joola-infinity-balance-tenis-mesa-ping-pong-madeira-brasil-azul-web1.jpg?v=1755888836,False,a21188c1-e133-4c8f-ae68-55e78524f02f,7,,2026-03-22 20:47:14.035071,2026-03-22 20:47:14.035081,,manual,,1.0
Proxr,Sweet Spot Max Series 13Mm,,,,,,,,,,,,,,,,True,https://acdn-us.mitiendanube.com/stores/002/859/813/products/42-6cbf2cd6c258ef230917234855980713-1024-1024.webp,False,a546a6d4-b9ff-4b95-b39f-0c1f4784fa3e,17,,2026-03-22 20:49:20.228979,2026-03-22 20:49:20.228982,,manual,,1.0
Paddletek,Bantam Alw-C 14.3Mm Anna Leight Waters,,,,,,,,,,,,,,,,True,https://acdn-us.mitiendanube.com/stores/002/859/813/products/11-5936c1af741e322b6b17272696500261-1024-1024.webp,False,a565cd79-7690-4b1c-b464-d5b90f20919c,16,,2026-03-22 20:49:20.190444,2026-03-22 20:49:20.190447,,manual,,1.0
Joola,Collin Johns Scorpeus 3S,,,,,,,,,,,,,,,,True,https://cdn.shopify.com/s/files/1/0962/5527/9386/files/d0f8a39c0e1e699849f70759006c111e.jpg?v=1761158676,False,a610c328-cf21-4f77-938a-9a55197946e4,7,,2026-03-22 20:48:08.994031,2026-03-22 20:48:08.994034,,manual,,1.0
Joola,Raquete Bat Match,,,,,,,,,,,,,,,,True,https://cdn.shopify.com/s/files/1/0710/1998/7182/files/raquete-joola-bat-match-tenis-mesa-ping-pong-web1.jpg?v=1769623810,False,a809043c-a04a-4e2f-b37c-3d719fb81d40,7,,2026-03-22 20:47:13.791431,2026-03-22 20:47:13.791439,,manual,,1.0
Joola,Borracha Tronix Acc,,,,,,,,,,,,,,,,True,https://cdn.shopify.com/s/files/1/0710/1998/7182/files/70592_JOOLA_Tronix-ACC_01_web.jpg?v=1736769857,False,a9bc00b2-1ed4-4d85-a44f-424f4a8e4a57,7,,2026-03-22 20:47:14.297911,2026-03-22 20:47:14.297916,,manual,,1.0
Proxr,Sweet Spot Max Series 16Mm,,,,,,,,,,,,,,,,True,https://acdn-us.mitiendanube.com/stores/002/859/813/products/53-8adaacc1fef545e37517234858275324-1024-1024.webp,False,aa048044-ff1d-4be7-92cc-f0ece3fdbc15,17,,2026-03-22 20:49:20.245808,2026-03-22 20:49:20.245811,,manual,,1.0
Joola,Tyson Mcguffin Magnus Pro Iv,,,,,,,,,,,,,,,,True,https://cdn.shopify.com/s/files/1/0962/5527/9386/files/ac7240dd60efb4d594643a431ec69a19.jpg?v=1761158758,False,affb73a1-d97f-4094-81fc-d18c0790bd3f,7,,2026-03-22 20:48:08.956231,2026-03-22 20:48:08.956234,,manual,,1.0
Franklin,Pro C45 Dynasty 14Mm - Carbono T700,,,,,,,,,,,,,,,,True,https://cdn.shopify.com/s/files/1/0962/5527/9386/files/raquete-de-pickleball-franklin-c45-dinasty-14mm-laguna_01.jpg?v=1773318483,False,b0148ae4-93fc-467b-88c6-283c3babb900,10,,2026-03-22 20:48:08.791758,2026-03-22 20:48:08.791760,,manual,,1.0
Selkirk,Invikta Amped Pro Air,,,,,,,,,,,,,,,,True,https://acdn-us.mitiendanube.com/stores/002/859/813/products/42-7b7bcc31e417f34fb217198412177364-1024-1024.webp,False,bae1aea1-9a7e-49bf-afab-cf233c8e6e8f,6,,2026-03-22 20:49:20.182799,2026-03-22 20:49:20.182800,,manual,,1.0
Franklin,Pro C45 Hybrid 14Mm - Carbono T700,,,,,,,,,,,,,,,,True,https://cdn.shopify.com/s/files/1/0962/5527/9386/files/raquete-de-pickleball-franklin-c45-hybrid-14mm-azul_01.jpg?v=1773319388,False,bbd9f0b7-d95a-4cb8-8320-40d8bd37c55e,10,,2026-03-22 20:48:08.781998,2026-03-22 20:48:08.781999,,manual,,1.0
Proxr,Signature Series 13Mm,,,,,,,,,,,,,,,,True,https://acdn-us.mitiendanube.com/stores/002/859/813/products/34-f637724b4ccd2b038e17234843022144-1024-1024.webp,False,bf4a8d0d-7e73-4063-b19a-0554813d7940,17,,2026-03-22 20:49:20.412890,2026-03-22 20:49:20.412899,,manual,,1.0
Paddletek,Tempest Reign V3,,,,,,,,,,,,,,,,True,https://acdn-us.mitiendanube.com/stores/002/859/813/products/1111-bf35cad65f7287698b16920175228705-1024-1024.webp,False,c28616f5-9bb6-4cb1-82ac-b06a500ca1ec,16,,2026-03-22 20:49:20.522039,2026-03-22 20:49:20.522050,,manual,,1.0
Joola,Agassi Pro V -,,,,,,,,,,,,,,,,True,https://cdn.shopify.com/s/files/1/0962/5527/9386/files/raquete-de-pickleball-joola-agassi-pro-v-14mm_01.jpg?v=1772630179,False,c3de483c-253d-4b13-9f0e-94b3167bf4db,7,,2026-03-22 20:48:08.843105,2026-03-22 20:48:08.843108,,manual,,1.0
3Rdshot,Venus,,,,,,,,,,,,,,,,True,https://acdn-us.mitiendanube.com/stores/002/859/813/products/54-52b0625a9eefc3fc4d17652979715218-1024-1024.png,False,c4d99c8b-e9c4-4e08-a5da-d4b615de8fb2,15,,2026-03-22 20:49:20.240559,2026-03-22 20:49:20.240562,,manual,,1.0
Joola,Raquete Hugo Calderano Infinity Carbon,,,,,,,,,,,,,,,,True,https://cdn.shopify.com/s/files/1/0710/1998/7182/files/raquete-joola-hugo-calderano-infinity-carbon-micron-tenis-mesa-table-tennis-web1.jpg?v=1773336704,False,c536fe92-84d8-4f22-a2f1-b55798588042,7,,2026-03-22 20:47:13.695603,2026-03-22 20:47:13.695610,,manual,,1.0
Joola,Borracha Cwx (Pino Longo),,,,,,,,,,,,,,,,True,https://cdn.shopify.com/s/files/1/0710/1998/7182/files/71238_JOOLA_CWX_01_web.jpg?v=1736777277,False,c7f8488d-c55f-435e-afe4-4de2cbc6b202,7,,2026-03-22 20:47:14.466009,2026-03-22 20:47:14.466015,,manual,,1.0
Joola,Agassi Edge Ss25,,,,,,,,,,,,,,,,True,https://cdn.shopify.com/s/files/1/0962/5527/9386/files/35b4801d86f0f36b6291131e28702417.jpg?v=1761158582,False,cdb9388e-72c6-42f0-a7d7-9ec82dcecd07,7,,2026-03-22 20:48:08.899665,2026-03-22 20:48:08.899667,,manual,,1.0
Joola,Graf Pro Iv,,,,,,,,,,,,,,,,True,https://cdn.shopify.com/s/files/1/0962/5527/9386/files/b5c0d227802f02e50b40e90705ef8135.jpg?v=1761158692,False,d1b365c8-29a2-4632-9506-2bcb15617d16,7,,2026-03-22 20:48:08.971226,2026-03-22 20:48:08.971229,,manual,,1.0
Drop Shot,Axion Attack Pk,,,,,,,,,,,,,,,,True,https://cdn.dooca.store/2621/products/dsc4745-1_450x600+fill_ffffff+crop_center.jpeg?v=1719406044,False,d31301e6-0d26-4e6b-bfbf-f81c4add3013,14,,2026-03-22 20:50:13.685196,2026-03-22 20:50:13.685206,,manual,,1.0
Adidas,Adipower Carbon Attk,,,,,,,,,,,,,,,,True,https://cdn.shopify.com/s/files/1/0962/5527/9386/files/a1e273a76f212055abb2ce992c6a5338.jpg?v=1761158534,False,d3c901e1-c977-40e1-a8da-4187716f725d,12,,2026-03-22 20:48:09.073759,2026-03-22 20:48:09.073761,,manual,,1.0
Selkirk,Labs Project Boomstik Enlongated,,,,,,,,,,,,,,,,True,https://acdn-us.mitiendanube.com/stores/002/859/813/products/82-67747173359f9f446417558905760960-1024-1024.webp,False,d5513f03-b182-4569-abb5-6b39d435a953,6,,2026-03-22 20:49:20.166550,2026-03-22 20:49:20.166552,,manual,,1.0
Franklin,Pro C45 Tempo 14Mm - Carbono T700,,,,,,,,,,,,,,,,True,https://cdn.shopify.com/s/files/1/0962/5527/9386/files/raquete-de-pickleball-franklin-c45-tempo-14mm-vermelho_01.jpg?v=1773317890,False,d6fb3304-3664-4272-9ef2-f854c12872dc,10,,2026-03-22 20:48:08.776163,2026-03-22 20:48:08.776165,,manual,,1.0
Joola,Hyperion Double Vision -,,,,,,,,,,,,,,,,True,https://cdn.shopify.com/s/files/1/0962/5527/9386/files/49244fa30dc17ba591693dae6935702c.jpg?v=1768943680,False,d76f10cb-4d45-4df9-bf65-1564fd66aa48,7,,2026-03-22 20:48:08.923580,2026-03-22 20:48:08.923581,,manual,,1.0
Joola,Raquete Proline Aw5,,,,,,,,,,,,,,,,True,https://cdn.shopify.com/s/files/1/0710/1998/7182/files/1_ab5009ac-a2d9-4765-82ba-3c211a6a4d8e.jpg?v=1751308008,False,d8622259-b4bb-40ac-a0d9-f364371fa4d2,7,,2026-03-22 20:47:13.932344,2026-03-22 20:47:13.932350,,manual,,1.0
Franklin,Youth Rock Star Infantil Ice Cream,,,,,,,,,,,,,,,,True,https://cdn.shopify.com/s/files/1/0962/5527/9386/files/raquete-de-pickleball-franklin-youth-rock-star-ice-cream_01.jpg?v=1773321424,False,d94d46da-2838-48be-b3bb-358012e5b0bd,10,,2026-03-22 20:48:08.752527,2026-03-22 20:48:08.752528,,manual,,1.0
Joola,Scorpeus Pro V Anna Bright -,,,,,,,,,,,,,,,,True,https://cdn.shopify.com/s/files/1/0962/5527/9386/files/raquete-de-pickleball-joola-scorpeus-pro-v-14mm_01.jpg?v=1772651581,False,d9909197-3ab4-49fb-ade0-135b3397e102,7,,2026-03-22 20:48:08.818081,2026-03-22 20:48:08.818082,,manual,,1.0
3Rdshot,Oberon Mini,,,,,,,,,,,,,,,,True,https://acdn-us.mitiendanube.com/stores/002/859/813/products/108-c7c39b46f837a073b517429250866773-1024-1024.webp,False,decbaa68-9d01-4cc3-877d-09b354d2ed3a,15,,2026-03-22 20:49:20.174484,2026-03-22 20:49:20.174486,,manual,,1.0
Drop Shot,Conqueror Attack Pk,,,,,,,,,,,,,,,,True,https://cdn.dooca.store/2621/products/dsc4749-1_450x600+fill_ffffff+crop_center.jpeg?v=1719406029,False,df88a55a-7695-4e53-8e86-18bc07c7258a,14,,2026-03-22 20:50:13.640428,2026-03-22 20:50:13.640435,,manual,,1.0
Engage,Pursuit Pro1 6.0 Widebody 15.2Mm,,,,,,,,,,,,,,,,True,https://acdn-us.mitiendanube.com/stores/002/859/813/products/71-134dfcecb487d1046317476632061675-1024-1024.webp,False,df8e6ab6-c428-4b60-ab64-dfc9b0a47df1,9,,2026-03-22 20:49:20.305602,2026-03-22 20:49:20.305605,,manual,,1.0
Drop Shot,Furia Attack Pk,,,,,,,,,,,,,,,,True,https://cdn.dooca.store/2621/products/furiaattackpng_450x600+fill_ffffff+crop_center.png?v=1720122787,False,e2cbbb59-b414-4270-98a4-d1b7c99188c0,14,,2026-03-22 20:50:13.597727,2026-03-22 20:50:13.597736,,manual,,1.0
3Rdshot,Touch Control 16Mm Edição Especial,,,,,,,,,,,,,,,,True,https://acdn-us.mitiendanube.com/stores/002/859/813/products/2-58dd37200e450bc91317617433048788-1024-1024.webp,False,e35df38c-7086-4113-82bf-5df1dc1db8df,15,,2026-03-22 20:49:20.278627,2026-03-22 20:49:20.278628,,manual,,1.0
Selkirk,Labs Project 008 Invikta,,,,,,,,,,,,,,,,True,https://acdn-us.mitiendanube.com/stores/002/859/813/products/88-fb21ec274593dd506f17615872423271-1024-1024.webp,False,e4c4e3ca-b1b2-438e-9635-d5b3d068f095,6,,2026-03-22 20:49:20.285014,2026-03-22 20:49:20.285016,,manual,,1.0
Selkirk,Labs Project Boom Stik Widebody,,,,,,,,,,,,,,,,True,https://acdn-us.mitiendanube.com/stores/002/859/813/products/81-93d706ef7457bacf3e17558903942357-1024-1024.webp,False,e579c945-361c-41b2-a862-b0c569727ab4,6,,2026-03-22 20:49:20.200626,2026-03-22 20:49:20.200629,,manual,,1.0
Engage,Pursuit Pro1 Hybrid 12.7Mm,,,,,,,,,,,,,,,,True,https://acdn-us.mitiendanube.com/stores/002/859/813/products/69-714d659a1ca72a647f17476630317627-1024-1024.webp,False,e8933bf0-f7e9-459e-a0ce-8925a6cbe2fe,9,,2026-03-22 20:49:20.476110,2026-03-22 20:49:20.476115,,manual,,1.0
Joola,Scorpeus Heat Vision -,,,,,,,,,,,,,,,,True,https://cdn.shopify.com/s/files/1/0962/5527/9386/files/23e74ac6223345f534d779e708c662aa.jpg?v=1768943689,False,ee7a87e2-ae0b-4038-8fa6-480597a7f0b6,7,,2026-03-22 20:48:08.913270,2026-03-22 20:48:08.913272,,manual,,1.0
Joola,Scorpeus Pro V Collin Johns -,,,,,,,,,,,,,,,,True,https://cdn.shopify.com/s/files/1/0962/5527/9386/files/raquete-de-pickleball-joola-scorpeus-pro-v-collin-johns-16mm_01.jpg?v=1772651714,False,ef54f988-c3e1-42fc-b52f-ee0b2340ea15,7,,2026-03-22 20:48:08.813197,2026-03-22 20:48:08.813198,,manual,,1.0
Joola,Hyperion Pro V Ben Johns -,,,,,,,,,,,,,,,,True,https://cdn.shopify.com/s/files/1/0962/5527/9386/files/raquete-de-pickleball-joola-hyperion-pro-v-14mm_01.jpg?v=1772631847,False,efbd9c57-8a8e-45c8-9ed2-b7ea9df33e49,7,,2026-03-22 20:48:08.803345,2026-03-22 20:48:08.803347,,manual,,1.0
Joola,Raquete Team Master,,,,,,,,,,,,,,,,True,https://cdn.shopify.com/s/files/1/0710/1998/7182/files/RaqueteJOOLATeamMasters.jpg?v=1769611968,False,f0fc5835-9313-4262-aaf8-695c6a7c4095,7,,2026-03-22 20:47:13.816360,2026-03-22 20:47:13.816372,,manual,,1.0
Engage,Pursuit Pro1 6.0 Hybrid 15.2Mm,,,,,,,,,,,,,,,,True,https://acdn-us.mitiendanube.com/stores/002/859/813/products/72-4b64c738c07cc8fea717476629418065-1024-1024.webp,False,f2c859c9-62e1-4b9a-9603-150ec6691bb7,9,,2026-03-22 20:49:20.312865,2026-03-22 20:49:20.312867,,manual,,1.0
Drop Shot,Kibo Comfort Pk,,,,,,,,,,,,,,,,True,https://cdn.dooca.store/2621/products/dsc4773-1_450x600+fill_ffffff+crop_center.jpeg?v=1719406048,False,f45c320b-81eb-4215-a1ff-0cf4fe62c538,14,,2026-03-22 20:50:13.414288,2026-03-22 20:50:13.414293,,manual,,1.0
Joola,Raquete Baseline All,,,,,,,,,,,,,,,,True,https://cdn.shopify.com/s/files/1/0710/1998/7182/files/raquete-joola-baseline-all-tenis-mesa-ping-pong-madeira-brasil-web1.jpg?v=1756825528,False,f5a76bb4-c744-405d-b5c7-8d4eb33b03d6,7,,2026-03-22 20:47:13.910634,2026-03-22 20:47:13.910641,,manual,,1.0
Joola,Blade Varnish - Seladora Verniz Para Madeira De Tênis De Mesa,,,,,,,,,,,,,,,,True,https://cdn.shopify.com/s/files/1/0710/1998/7182/files/82100_JOOLA_Holzversiegelung_01_web.jpg?v=1747847328,False,f5a9cfce-b962-45a4-b8df-6d1faec55099,7,,2026-03-22 20:47:14.446167,2026-03-22 20:47:14.446179,,manual,,1.0
Engage,Pursuit Pro1 Innovation 12.7Mm,,,,,,,,,,,,,,,,True,https://acdn-us.mitiendanube.com/stores/002/859/813/products/67-c7fe59ce48bb07678517476620373802-1024-1024.webp,False,f8853a0b-441b-4c05-8aa9-4b23e833576f,9,,2026-03-22 20:49:20.353242,2026-03-22 20:49:20.353249,,manual,,1.0
Drop Shot,Furia Comfort Pk,,,,,,,,,,,,,,,,True,https://cdn.dooca.store/2621/products/dsc4783-1-1_450x600+fill_ffffff+crop_center.jpeg?v=1719405916,False,fe06c595-e129-4e80-85ee-8250d52f5b73,14,,2026-03-22 20:50:13.555896,2026-03-22 20:50:13.555902,,manual,,1.0
Paddletek,Bantam Tko-C 14.3Mm,,,,,,,,,,,,,,,,True,https://acdn-us.mitiendanube.com/stores/002/859/813/products/2-c7d153b46e679b163817250239654045-1024-1024.webp,False,feecf56b-a637-4ff8-a25d-b38ff2ecf06b,16,,2026-03-22 20:49:20.500306,2026-03-22 20:49:20.500311,,manual,,1.0
