brand_name,model_name,price_brl,product_url,store_name,image_url
Joola,Raquete  Hugo Calderano Infinity Carbon,699.0,https://joola.com.br/products/raquete-joola-hugo-calderano-infinity-carbon,Joola Brasil,https://cdn.shopify.com/s/files/1/0710/1998/7182/files/raquete-joola-hugo-calderano-infinity-carbon-micron-tenis-mesa-table-tennis-web1.jpg?v=1773336704
Joola,Kit de Pickleball  Heat Vision,1599.0,https://joola.com.br/products/kit-de-pickleball-joola-heat-vision,Joola Brasil,https://cdn.shopify.com/s/files/1/0710/1998/7182/files/kit-raquetes-raquete-pickleball-joola-heat-vision-bola-bolas-mochila-galaxy-web1.jpg?v=1772119216
Joola,Kit de Pickleball  Seneca Onset,599.0,https://joola.com.br/products/kit-de-pickleball-joola-seneca-onset,Joola Brasil,https://cdn.shopify.com/s/files/1/0710/1998/7182/files/kit-pickleball-joola-raquete-raquetes-seneca-onset-bola-bolas-mochila-coastal-web1.jpg?v=1770818433
Joola,Kit Mesa  Tour 2500 25mm + 1 Conjunto Duo Set Carbon (2 Raquetes e 3 Bolas) + Capa para Mesa (Posição Horizontal/Vertical),5914.0,https://joola.com.br/products/mesa-joola-tour-2500-25mm-1-conjunto-duo-set-carbon-2-raquetes-e-3-bolas-capa-para-mesa-posicao-horizontal,Joola Brasil,https://cdn.shopify.com/s/files/1/0710/1998/7182/files/111115482219901.jpg?v=1740138791
Joola,Kit de Pickleball  Perseus Astral,809.0,https://joola.com.br/products/kit-de-pickleball-joola-perseus-astral,Joola Brasil,https://cdn.shopify.com/s/files/1/0710/1998/7182/files/kit-pickleball-joola-perseus-astral-rocket-raquete-raquetes-bola-bolas-mochila-web1.jpg?v=1770820820
Joola,Kit de Pickleball  Aurora,809.0,https://joola.com.br/products/kit-de-pickleball-joola-aurora,Joola Brasil,https://cdn.shopify.com/s/files/1/0710/1998/7182/files/kit-pickleball-joola-aurora-raquete-raquetes-bola-bolas-mochila-sling-bag-web1.jpg?v=1771512278
Joola,Kit de Pickleball  Essentials Dash,499.0,https://joola.com.br/products/raquete-de-pickleball-joola-essentials-dash-copia,Joola Brasil,https://cdn.shopify.com/s/files/1/0710/1998/7182/files/kit-pickleball-joola-raquete-raquetes-essentials-dash-bola-bolas-mochila-web1.jpg?v=1770817618
Joola,Raquete de Pickleball  Perseus Astral,549.0,https://joola.com.br/products/raquete-de-pickleball-joola-perseus-astral,Joola Brasil,https://cdn.shopify.com/s/files/1/0710/1998/7182/files/raquete-pickleball-joola-perseus-astral-spirit-web1.jpg?v=1770748144
Joola,Raquete de Pickleball  Essentials Dash,399.0,https://joola.com.br/products/raquete-de-pickleball-joola-essentials-dash,Joola Brasil,https://cdn.shopify.com/s/files/1/0710/1998/7182/files/raquete-pickleball-joola-essentials-dash-blossom-pink-web1.jpg?v=1770814661
Joola,Kit Mesa  Rapid Play 25mm + 1 Conjunto Family Set (Maleta com 4 Raquetes e 10 Bolas) + Capa para Mesa (Posição Horizontal/Vertical),6289.0,https://joola.com.br/products/kit-mesa-joola-rapid-play-25mm-conjunto-family-capa-para-mesa,Joola Brasil,https://cdn.shopify.com/s/files/1/0710/1998/7182/files/78885481019901.jpg?v=1762354432
Joola,Kit Mesa  Outdoor Rally + 1 Conjunto Family Set (Maleta com 4 Raquetes e 10 Bolas) + Capa para Mesa (Posição Horizontal/Vertical),5501.0,https://joola.com.br/products/kit-mesa-outdoor-rally-kit-family-set-com-4-raquetes-e-10-bolas-capa-para-mesa-posicao-horizontal-vertical,Joola Brasil,https://cdn.shopify.com/s/files/1/0710/1998/7182/files/111345481019901.jpg?v=1762352803
Joola,Kit Mesa  Tour 2500 (25mm) + Conjunto Family Set (maleta com 4 raquetes e 10 bolas) + Capa para Mesa (Posição Horiz.Vertical),5573.0,https://joola.com.br/products/mesa-joola-tour-2500-25mm-conjunto-family-set-capa-para-mesa,Joola Brasil,https://cdn.shopify.com/s/files/1/0710/1998/7182/files/111115481019901.jpg?v=1762353954
Joola,Kit Mesa  Inside 15mm + 1 Conjunto Family Set (Maleta com 4 Raquetes e 10 Bolas) + Capa para Mesa (Posição Vertical),4674.0,https://joola.com.br/products/kit-mesa-joola-inside-15mm-1-conjunto-family-set-capa-para-mesa,Joola Brasil,https://cdn.shopify.com/s/files/1/0710/1998/7182/files/112005481019901_f8178376-7541-4294-aed0-8918de4d65ed.jpg?v=1762363558
Joola,Kit Mesa  Inside J15 (15mm) + 1 Conjunto Family Set (Maleta com 4 Raquetes e 10 Bolas) + Capa para Mesa (Posição Horizontal/Vertical),4674.0,https://joola.com.br/products/mesa-joola-inside-j15-1-conjunto-family-set-maleta-com-4-raquetes-e-10-bolas-capa-para-mesa-posicao-horiz-vertical,Joola Brasil,https://cdn.shopify.com/s/files/1/0710/1998/7182/files/112005481019901.jpg?v=1762361583
Joola,Kit Mesa  Tour (25mm) + Kit de Raquetes Duo Set Pro + Capa posição (horizontal/vertical),5668.0,https://joola.com.br/products/kit-mesa-joola-tour-25mm-kit-de-raquetes-duo-set-pro-capa-posicao-horizontal-vertical,Joola Brasil,https://cdn.shopify.com/s/files/1/0710/1998/7182/files/Designsemnome_d4977d80-de34-4b1c-b42b-f2f249935122.jpg?v=1739212482
Joola,Kit Mesa  Rapid Play 18mm + 1 Conjunto Family Set (Maleta com 4 Raquetes e 10 Bolas) + Capa para Mesa (Posição Horizontal/Vertical),4870.0,https://joola.com.br/products/kit-rapid-play-18mm-kit-de-raquetes-family-set-capa-protetora,Joola Brasil,https://cdn.shopify.com/s/files/1/0710/1998/7182/files/KIT-SE_4_b935550d-680c-476d-84e1-c1d87f0e2963.jpg?v=1756831510
Joola,Kit Mesa  Rapid Play 15mm + 1 Conjunto Family Set (Maleta com 4 Raquetes e 10 Bolas) + Capa para Mesa (Posição Horizontal/Vertical),4582.0,https://joola.com.br/products/kit-mesa-joola-rapid-play-15mm-1-conjunto-family-set-maleta-com-4-raquetes-e-10-bolas-capa-para-mesa-posicao-horizontal-vertical,Joola Brasil,https://cdn.shopify.com/s/files/1/0710/1998/7182/files/78865481019901.jpg?v=1762351439
Joola,Raquete de Pickleball  Hyperion CFS 16mm,1199.0,https://joola.com.br/products/raquete-de-pickleball-joola-hyperion-cfs-16mm,Joola Brasil,https://cdn.shopify.com/s/files/1/0710/1998/7182/files/raquete-pickleball-joola-hyperion-cfs-crash-aqua-16mm-web1.jpg?v=1770907581
Joola,Raquete de Pickleball  Graf Pro V,1999.0,https://joola.com.br/products/raquete-de-pickleball-joola-graf-pro-v-steffi-graf-seaside-green,Joola Brasil,https://cdn.shopify.com/s/files/1/0710/1998/7182/files/raquete-pickleball-joola-graf-proV-steffi-graf-seaside-green-16mm-web1.jpg?v=1770320094
Joola,Raquete de Pickleball  Agassi Pro V,1999.0,https://joola.com.br/products/raquete-de-pickleball-joola-agassi-pro-v-andre-agassi-royal-blue,Joola Brasil,https://cdn.shopify.com/s/files/1/0710/1998/7182/files/raquete-pickleball-joola-agassi-proV-andre-royal-blue-14mm-web1.jpg?v=1772472421
Joola,Raquete de Pickleball  Hyperion Pro V,1999.0,https://joola.com.br/products/raquete-de-pickleball-joola-hyperion-pro-v-ben-johns-bolt-blue,Joola Brasil,https://cdn.shopify.com/s/files/1/0710/1998/7182/files/raquete-pickleball-joola-hyperion-proV-ben-johns-bolt-blue-14mm-web1.jpg?v=1772470751
Joola,Raquete de Pickleball  Scorpeus Pro V,1999.0,https://joola.com.br/products/raquete-de-pickleball-joola-scorpeus-pro-v,Joola Brasil,https://cdn.shopify.com/s/files/1/0710/1998/7182/files/raquete-pickleball-joola-scorpeus-proV-anna-bright-yellow-16mm-web1.jpg?v=1770379940
Joola,Raquete de Pickleball  Perseus Pro V,1999.0,https://joola.com.br/products/raquete-de-pickleball-joola-perseus-pro-v-ben-johns,Joola Brasil,https://cdn.shopify.com/s/files/1/0710/1998/7182/files/raquete-pickleball-joola-perseus-proV-ben-johns-blaze-red-14mm-profissional-web1.jpg?v=1770398525
Joola,Raquete de Pickleball  Kosmos Pro V,1999.0,https://joola.com.br/products/raquete-de-pickleball-joola-kosmos-pro-v,Joola Brasil,https://cdn.shopify.com/s/files/1/0710/1998/7182/files/raquete-pickleball-joola-kosmos-proV-federico-staksrud-surge-green-16mm-web1.jpg?v=1770389096
Joola,Kit com 2 Raquetes  Match Pro + Rede Retrátil,562.0,https://joola.com.br/products/kit-com-2-raquetes-joola-match-pro-e-uma-rede-retratil,Joola Brasil,https://cdn.shopify.com/s/files/1/0710/1998/7182/files/kit-set-raquete-joola-tenis-mesa-ping-pong-match-pro-rede-net-retratil-portatil-ajustavel-web.jpg?v=1756838335
Joola,Raquete  Match Pro,249.0,https://joola.com.br/products/raquete-joola-match-pro,Joola Brasil,https://cdn.shopify.com/s/files/1/0710/1998/7182/files/raquete-joola-tenis-mesa-ping-pong-match-pro-friction-vizon-ittf-brasil-web1.jpg?v=1755888375
Joola,Raquete  Infinity Balance (Verde),349.0,https://joola.com.br/products/raquete-joola-infinity-balance-verde,Joola Brasil,https://cdn.shopify.com/s/files/1/0710/1998/7182/files/raquete-joola-infinity-balance-tenis-mesa-ping-pong-madeira-brasil-verde-web1.jpg?v=1755888882
Joola,Kit Raquete  Infinity Balance (vermelha) + Raqueteira (Capa) para Raquete Tênis de Mesa Pocket (vermelha),425.0,https://joola.com.br/products/kit-raquete-joola-infinity-balance-vemelha-raqueteira-capa-para-raquete-tenis-de-mesa-pocket-vermelho,Joola Brasil,https://cdn.shopify.com/s/files/1/0710/1998/7182/files/ml_5917880502.jpg?v=1739188953
Joola,Rede e Suporte  WX Aluminium Net + 1 Conjunto de raquetes de tênis de mesa  Vivid,568.0,https://joola.com.br/products/rede-e-suporte-joola-wx-aluminium-net-1-conjunto-de-raquetes-de-tenis-de-mesa-joola-vivid,Joola Brasil,https://cdn.shopify.com/s/files/1/0710/1998/7182/files/Designsemnome_3.jpg?v=1737485931
Joola,Raqueteira (Capa) para Raquete de Tênis de Mesa Alu preta 20,339.0,https://joola.com.br/products/raqueteira-capa-para-raquete-de-tenis-de-mesa-alu-preta-20,Joola Brasil,https://cdn.shopify.com/s/files/1/0710/1998/7182/files/80555_JOOLA_Alu-Double-Bat-Case_01_web.jpg?v=1744119509
Joola,Raqueteira (Capa) para Raquete Tênis de Mesa Vision Safe II Preta,189.0,https://joola.com.br/products/raqueteira-capa-para-raquete-tenis-de-mesa-vision-safe-ii-preta,Joola Brasil,https://cdn.shopify.com/s/files/1/0710/1998/7182/files/80169_01_04872a34-95a3-4fd5-b7a5-355ebb3c8816.jpg?v=1759513863
Joola,Raqueteira (Capa) para Raquete Tênis de Mesa Vision Safe II Azul,189.0,https://joola.com.br/products/vision-ii-safe-table-tennis-racket-case,Joola Brasil,https://cdn.shopify.com/s/files/1/0710/1998/7182/files/VisionSafe-web1.jpg?v=1760965703
Joola,Raquete de Pickleball  Simone Jardim Hyperion C2 CFS (16mm),899.0,https://joola.com.br/products/raquete-de-pickleball-simone-jardim-hyperion-c2-cfs-16,Joola Brasil,https://cdn.shopify.com/s/files/1/0710/1998/7182/files/Simone-Jardim-Hyperion-C2-CFS-16-17000-Web-01.jpg?v=1730733129
Joola,Kit com 2 Raquetes e 3 Bolas  Rosskopf,199.0,https://joola.com.br/products/kit-com-2-raquetes-e-3-bolas-joola-rosskopf,Joola Brasil,https://cdn.shopify.com/s/files/1/0710/1998/7182/files/Kitcom2Raquetese3BolasJOOLARosskopf.jpg?v=1749222543
Joola,Raquete  Bat Match,119.0,https://joola.com.br/products/raquete-joola-bat-match,Joola Brasil,https://cdn.shopify.com/s/files/1/0710/1998/7182/files/raquete-joola-bat-match-tenis-mesa-ping-pong-web1.jpg?v=1769623810
Joola,Raquete  Team Master,189.0,https://joola.com.br/products/raquete-joola-team-masters,Joola Brasil,https://cdn.shopify.com/s/files/1/0710/1998/7182/files/RaqueteJOOLATeamMasters.jpg?v=1769611968
Joola,Kit Raquete  Infinity Balance (azul) + Raqueteira (Capa) para Raquete Tênis de Mesa Pocket (azul),425.0,https://joola.com.br/products/kit-raquete-joola-infinity-balance-azul-raqueteira-capa-para-raquete-tenis-de-mesa-pocket-azul,Joola Brasil,https://cdn.shopify.com/s/files/1/0710/1998/7182/files/Infinity_pocketazul.jpg?v=1769168559
Joola,Kit Mini Mesa  Midsize + 1 Conjunto Family Set (Maleta com 4 Raquetes e 10 Bolas),1345.0,https://joola.com.br/products/kit-mini-mesa-joola-midsize-1-conjunto-family-set,Joola Brasil,https://cdn.shopify.com/s/files/1/0710/1998/7182/files/1911754810.jpg?v=1762352564
Joola,Kit Tampo de Mesa  Tetra Conversion Top + 1 Conjunto Family Set (Maleta com 4 Raquetes e 10 Bolas),2508.0,https://joola.com.br/products/tampo-de-mesa-joola-tetra-conversion-top-1-conjunto-family-set-maleta-com-4-raquetes-e-10-bolas,Joola Brasil,https://cdn.shopify.com/s/files/1/0710/1998/7182/files/1157554810.jpg?v=1762361880
Joola,Kit Tampo de Mesa  Conversion Top + 1 Conjunto Family Set (Maleta com 4 Raquetes e 10 Bolas),2238.0,https://joola.com.br/products/kit-tampo-de-mesa-joola-conversion-top-conjunto-family-set,Joola Brasil,https://cdn.shopify.com/s/files/1/0710/1998/7182/files/Image20260121134345.jpg?v=1769013895
Joola,"Kit Conjunto de rede e suporte para tênis de mesa  WM + Kit com 2 Raquetes, 3 Bolas e uma Capa Duo Set Pro",720.0,https://joola.com.br/products/kit-conjunto-de-rede-e-suporte-para-tenis-de-mesa-joola-wm-kit-com-2-raquetes-3-bolas-e-uma-capa-duo-set-pro,Joola Brasil,https://cdn.shopify.com/s/files/1/0710/1998/7182/files/design_sem_nome__4__720.jpg?v=1737488935
Joola,Borracha  Micron,209.0,https://joola.com.br/products/borracha-joola-micron,Joola Brasil,https://cdn.shopify.com/s/files/1/0710/1998/7182/files/70269_JOOLA_Micron_01_web.jpg?v=1736776664
Joola,Kit com 2 Raquetes e 3 Bolas e uma Capa Duo Set Pro,350.0,https://joola.com.br/products/kit-com-2-raquetes-3-bolas-e-uma-capa-duo-set-pro,Joola Brasil,https://cdn.shopify.com/s/files/1/0710/1998/7182/files/KIT-SE_3_b74f3583-aab9-4a96-aebd-577bfe971d1d.jpg?v=1760553662
Joola,Fita de Proteção de Borda para Raquete de Pickleball –  x BRITTO,89.0,https://joola.com.br/products/fita-protetora-para-raquete-de-pickleball,Joola Brasil,https://cdn.shopify.com/s/files/1/0710/1998/7182/files/FITA-P_2.jpg?v=1756489665
Joola,Kit de Raquetes  Quattro - Maleta com 4 Raquetes e 10 Bolas,269.0,https://joola.com.br/products/kit-de-raquetes-joola-quattro-maleta-com-4-raquetes-e-10-bolas,Joola Brasil,https://cdn.shopify.com/s/files/1/0710/1998/7182/files/kit-set-raquetes-joola-quattro-bola-bolas-tenis-mesa-ping-pong-web1.jpg?v=1770039767
Joola,Raquete  Proline One,899.0,https://joola.com.br/products/raquete-joola-proline-one,Joola Brasil,https://cdn.shopify.com/s/files/1/0710/1998/7182/files/1_42459f55-7d4e-44f8-bbee-749faee1b538.jpg?v=1751311632
Joola,Kit Raquete de Pickleball  Ben Johns Perseus Pro IV + Fita de Proteção de Borda,1708.0,https://joola.com.br/products/kit-raquete-de-pickleball-joola-ben-johns-perseus-pro-iv-fita-de-protecao-de-borda,Joola Brasil,https://cdn.shopify.com/s/files/1/0710/1998/7182/files/30080717318.jpg?v=1766511761
Joola,Kit Raquete de Pickleball  Tyson McGuffin Magnus Pro IV + Fita de Proteção de Borda,1708.0,https://joola.com.br/products/kit-raquete-de-pickleball-joola-tyson-mcguffin-magnus-pro-iv-fita-de-protecao-de-borda,Joola Brasil,https://cdn.shopify.com/s/files/1/0710/1998/7182/files/30081317320.jpg?v=1766508183
Joola,Kit Raquete de Pickleball  Simone Jardim Hyperion Pro IV 16mm + Fita de Proteção de Borda,1708.0,https://joola.com.br/products/kit-raquete-de-pickleball-joola-simone-jardim-hyperion-pro-iv-fita-de-protecao-de-borda,Joola Brasil,https://cdn.shopify.com/s/files/1/0710/1998/7182/files/30082517325.jpg?v=1766414883
Joola,Kit Raquete de Pickleball  Ben Johns Hyperion Pro IV + Fita de Proteção de Borda,1708.0,https://joola.com.br/products/kit-raquete-de-pickleball-joola-ben-johns-hyperion-pro-iv-fita-de-protecao-de-borda,Joola Brasil,https://cdn.shopify.com/s/files/1/0710/1998/7182/files/30082817324.jpg?v=1766158899
Joola,Raquete de Pickleball  Ben Johns Perseus 3S,1299.0,https://joola.com.br/products/raquete-de-pickleball-joola-ben-johns-perseus-3s-14mm-copia,Joola Brasil,https://cdn.shopify.com/s/files/1/0710/1998/7182/files/RA1DEC_1.jpg?v=1756384090
Joola,Raquete de Pickleball  Tyson McGuffin Magnus 3S,1299.0,https://joola.com.br/products/raquete-de-pickleball-joola-tyson-mcguffin-magnus-3s-14mm-copia,Joola Brasil,https://cdn.shopify.com/s/files/1/0710/1998/7182/files/RAQUET_4_5b935fef-8c77-4528-9832-eaf2b847a0cf.jpg?v=1756384324
Joola,Raquete de Pickleball  Ben Johns Hyperion 3S,1299.0,https://joola.com.br/products/raquete-de-pickleball-joola-ben-johns-hyperion-3s-14mm-copia,Joola Brasil,https://cdn.shopify.com/s/files/1/0710/1998/7182/files/RA7DF9_1_88f45faa-0109-4c05-b71f-a4450467d9c6.jpg?v=1766145748
Joola,Kit Raquete de Pickleball  Perseus Heat Vision (16mm) + Fita de Proteção de Borda  Transparente para Raquete Pickleball 30mm x 850mm (16mm),1100.0,https://joola.com.br/products/kit-raquete-de-pickleball-joola-perseus-heat-vision-16mm-fita-de-protecao-de-borda-joola-transparente-para-raquete-pickleball-30mm-x-850mm-16mm,Joola Brasil,https://cdn.shopify.com/s/files/1/0710/1998/7182/files/60037817317.jpg?v=1766000256
Joola,Kit Raquete de Pickleball  Agassi Edge Heat Vision (16mm) + Fita de Proteção de Borda  Transparente para Raquete Pickleball 30mm x 850mm (16mm),1100.0,https://joola.com.br/products/kit-raquete-de-pickleball-joola-agassi-edge-heat-vision-16mm-fita-de-protecao-de-borda-joola-transparente-para-raquete-pickleball-30mm-x-850mm-16mm,Joola Brasil,https://cdn.shopify.com/s/files/1/0710/1998/7182/files/60027817317.jpg?v=1765994387
Joola,Kit Raquete de Pickleball  Scorpeus Double Vision (16mm) + Fita de Proteção de Borda  Transparente para Raquete Pickleball 30mm x 850mm (16mm),1100.0,https://joola.com.br/products/kit-raquete-de-pickleball-joola-scorpeus-double-vision-16mm-fita-de-protecao-de-borda-joola-transparente-para-raquete-pickleball-30mm-x-850mm-16mm,Joola Brasil,https://cdn.shopify.com/s/files/1/0710/1998/7182/files/60039617317.jpg?v=1765972898
Joola,Kit Raquete de Pickleball  Perseus Double Vision (16mm) + Fita de Proteção de Borda  Transparente para Raquete Pickleball 30mm x 850mm (16mm),1100.0,https://joola.com.br/products/kit-raquete-de-pickleball-joola-perseus-double-vision-16mm-fita-de-protecao-de-borda-joola-transparente-para-raquete-pickleball-30mm-x-850mm-16mm,Joola Brasil,https://cdn.shopify.com/s/files/1/0710/1998/7182/files/60039017317.jpg?v=1765909421
Joola,Kit Raquete de Pickleball  Hyperion Double Vision (16mm) + Fita de Proteção de Borda  Transparente para Raquete Pickleball 30mm x 850mm (16mm),1100.0,https://joola.com.br/products/kit-raquete-de-pickleball-joola-hyperion-double-vision-16mm-fita-de-protecao-de-borda-joola-transparente-para-raquete-pickleball-30mm-x-850mm-16mm,Joola Brasil,https://cdn.shopify.com/s/files/1/0710/1998/7182/files/60028417317.jpg?v=1765898528
Joola,Kit Raquete de Pickleball  Hyperion Edge Vision (16mm) + Fita de Proteção de Borda Transparente para Raquete (16mm),720.0,https://joola.com.br/products/kit-raquete-de-pickleball-joola-hyperion-edge-vision-16mm-fita-de-protecao-de-borda-transparente-para-raquete-16mm,Joola Brasil,https://cdn.shopify.com/s/files/1/0710/1998/7182/files/60001017317.jpg?v=1765894924
Joola,Kit Raquete de Pickleball  Perseus 3S Dual + Fita de Proteção de Borda  Transparente para Raquete Pickleball,1356.0,https://joola.com.br/products/kit-raquete-de-pickleball-joola-perseus-3s-dual-fita-de-protecao-de-borda-joola-transparente-para-raquete-pickleball,Joola Brasil,https://cdn.shopify.com/s/files/1/0710/1998/7182/files/60011917316.jpg?v=1765890578
Joola,Kit Raquete de Pickleball  Hyperion 3S Dual (16mm) + Fita de Proteção de Borda  Transparente 30mm x 850mm (16mm),1356.0,https://joola.com.br/products/kit-raquete-de-pickleball-joola-hyperion-3s-dual-16mm-fita-de-protecao-de-borda-joola-transparente-30mm-x-850mm-16mm,Joola Brasil,https://cdn.shopify.com/s/files/1/0710/1998/7182/files/60013517317_83d89dac-92ab-4b23-b2b5-ca10308936c6.jpg?v=1765887535
Joola,Kit Raquete de Pickleball  Scorpeus 3S Dual (14mm) + Fita de Proteção de Borda  Transparente 28mm x 850mm (14mm),1356.0,https://joola.com.br/products/kit-raquete-de-pickleball-joola-scorpeus-3s-dual-14mm-fita-de-protecao-de-borda-joola-transparente-28mm-x-850mm-14mm,Joola Brasil,https://cdn.shopify.com/s/files/1/0710/1998/7182/files/60012717316_4760b338-0540-4d46-91f8-bd80ccda7a72.jpg?v=1765826243
Joola,Raquete de Pickleball  Hyperion Edge Vision 16mm,599.0,https://joola.com.br/products/raquete-de-pickleball-joola-hyperion-edge-vision-16mm,Joola Brasil,https://cdn.shopify.com/s/files/1/0710/1998/7182/files/1_65479f52-ab41-41c0-8261-d48b87f89f17.jpg?v=1765294694
Joola,Kit Raquete de Pickleball  Magnus 3S Dual (14mm) + Fita de Proteção de Borda  Transparente 28mm x 850mm (14mm),1356.0,https://joola.com.br/products/kit-raquete-de-pickleball-joola-magnus-3s-dual-14mm-fita-de-protecao-de-borda-joola-transparente-para-raquete-pickleball-28mm-x-850mm-14mm,Joola Brasil,https://cdn.shopify.com/s/files/1/0710/1998/7182/files/60012317316_b0f4fb37-174e-4908-bf85-3a85abcc7467.jpg?v=1765809269
Joola,Kit de Pickleball  com 4 Raquetes para Treinamento,829.0,https://joola.com.br/products/kit-de-pickleball-joola-com-4-raquetes-para-treinamento,Joola Brasil,https://cdn.shopify.com/s/files/1/0710/1998/7182/files/Kit4RaquetesTreinamento.jpg?v=1763053522
Joola,Raquete de Pickleball  Hyperion Double Vision 16mm,999.0,https://joola.com.br/products/raquete-de-pickleball-joola-hyperion-double-vision-16mm,Joola Brasil,https://cdn.shopify.com/s/files/1/0710/1998/7182/files/raquete-pickleball-joola-hyperion-double-vision-16mm-orange-red-web1.jpg?v=1762953482
Joola,Raquete de Pickleball  Scorpeus Double Vision 16mm,999.0,https://joola.com.br/products/raquete-de-pickleball-joola-scorpeus-double-vision-16mm,Joola Brasil,https://cdn.shopify.com/s/files/1/0710/1998/7182/files/raquete-pickleball-joola-scorpeus-double-vision-16mm-green-web1.jpg?v=1763555265
Joola,Raquete de Pickleball  Perseus Double Vision 16mm,999.0,https://joola.com.br/products/raquete-de-pickleball-joola-perseus-double-vision-16mm,Joola Brasil,https://cdn.shopify.com/s/files/1/0710/1998/7182/files/raquete-pickleball-joola-perseus-double-vision-16mm-blue-web1.jpg?v=1762958529
Joola,Raquete de Pickleball  Agassi Edge Heat Vision 16mm,899.0,https://joola.com.br/products/raquete-de-pickleball-joola-agassi-edge-heat-vision-16mm,Joola Brasil,https://cdn.shopify.com/s/files/1/0710/1998/7182/files/raquete-pickleball-joola-agassi-edge-andre-heat-vision-16mm-gradient-orange-red-web1.jpg?v=1762952648
Joola,Raquete de Pickleball  Scorpeus Heat Vision 16mm,899.0,https://joola.com.br/products/raquete-de-pickleball-joola-scorpeus-heat-vision-16mm,Joola Brasil,https://cdn.shopify.com/s/files/1/0710/1998/7182/files/raquete-pickleball-joola-scorpeus-heat-vision-16mm-gradient-yellow-web1.jpg?v=1762885878
Joola,Raquete de Pickleball  Perseus Heat Vision 16mm,899.0,https://joola.com.br/products/raquete-de-pickleball-joola-perseus-heat-vision,Joola Brasil,https://cdn.shopify.com/s/files/1/0710/1998/7182/files/raquete-pickleball-joola-perseus-heat-vision-16mm-gradient-green-web1.jpg?v=1762958437
Joola,Raquete de Pickleball  Hyperion 3S Dual (16mm),1299.0,https://joola.com.br/products/raquete-de-pickleball-joola-hyperion-3s-dual-16mm,Joola Brasil,https://cdn.shopify.com/s/files/1/0710/1998/7182/files/raquete-pickleball-joola-hyperion-3s-dual-ben-johns-16mm-carbon-friction-surface-grip-chip-nfc-upaa-usap-pbcor43-brasil-web1.jpg?v=1760037425
Joola,Raquete de Pickleball  Scorpeus 3S Dual (14mm),1299.0,https://joola.com.br/products/raquete-de-pickleball-joola-scorpeus-3s-dual-14mm,Joola Brasil,https://cdn.shopify.com/s/files/1/0710/1998/7182/files/raquete-pickleball-joola-scorpeus-3s-dual-anna-bright-14mm-carbon-friction-surface-grip-chip-nfc-upaa-usap-pbcor43-brasil-web1.jpg?v=1760037273
Joola,Raquete de Pickleball  Perseus 3S Dual,1299.0,https://joola.com.br/products/raquete-de-pickleball-joola-perseus-3s-dual,Joola Brasil,https://cdn.shopify.com/s/files/1/0710/1998/7182/files/raquete-pickleball-joola-perseus-3s-dual-ben-johns-14mm-carbon-friction-surface-grip-chip-nfc-upaa-usap-pbcor43-brasil-web1_a2945172-058d-4b31-a2ec-fbabceac1ab0.jpg?v=1760036571
Joola,Raquete de Pickleball  Magnus 3S Dual (14mm),1299.0,https://joola.com.br/products/raquete-de-pickleball-joola-magnus-3s-dual-14mm,Joola Brasil,https://cdn.shopify.com/s/files/1/0710/1998/7182/files/raquete-pickleball-joola-magnus-3s-dual-tyson-mcguffin-14mm-carbon-friction-surface-grip-chip-nfc-upaa-usap-pbcor43-brasil-web1.jpg?v=1760037126
Joola,Capa para Raquete de Pickleball  Universal Neoprene,399.0,https://joola.com.br/products/capa-para-raquete-de-pickleball-joola-universal-neoprene,Joola Brasil,https://cdn.shopify.com/s/files/1/0710/1998/7182/files/capa-raqueteira-raquete-pickleball-joola-universal-neoprene-preta-web1.jpg?v=1756490151
Joola,"Kit de Raquetes  Variant Set 1 Rede Retrátil, 3 bolas e 2 Raquetes",169.0,https://joola.com.br/products/kit-de-raquetes-joola-variant-set,Joola Brasil,https://cdn.shopify.com/s/files/1/0710/1998/7182/files/Essentials-Variant-Table-Tennis-Set-30003-Web-01.png?v=1730729071
Joola,Kit Family Set (Maleta com 4 Raquetes e 10 Bolas) + Bola de Tênis de Mesa  Colorato 12 unidades,323.0,https://joola.com.br/products/kit-family-set-bolas-joola-colorato-12-unidades,Joola Brasil,https://cdn.shopify.com/s/files/1/0710/1998/7182/files/original.jpg?v=1759855989
Joola,Raquete  Proline IAC,899.0,https://joola.com.br/products/raquete-blade-proline-iac-fl,Joola Brasil,https://cdn.shopify.com/s/files/1/0710/1998/7182/files/raquete-joola-proline-iac-tenis-mesa-ping-pong-madeira-brasil-web1.jpg?v=1756825582
Joola,Fita de Proteção de Borda  Transparente para Raquete Pickleball,129.0,https://joola.com.br/products/fita-de-protecao-de-borda-joola-transparente-para-raquete-pickleball,Joola Brasil,https://cdn.shopify.com/s/files/1/0710/1998/7182/files/1_f0468a05-0f11-4398-808e-8f41debc739e.jpg?v=1757445458
Joola,Kit Raquete de Pickleball  Graf Pro 16mm + Mochila Agassi + Garrafa de Água 650 ml Preto,2172.0,https://joola.com.br/products/kit-raquete-de-pickleball-joola-graf-pro-16mm-mochila-agassi-garrafa-de-agua-650-ml-preto,Joola Brasil,https://cdn.shopify.com/s/files/1/0710/1998/7182/files/1_9423219f-8de0-4e1d-8dbb-a9518c682ec7.jpg?v=1758128726
Joola,Kit Raquete de Pickleball  Agassi Pro 16mm + Mochila  Agassi Vision II + Garrafa de Água 650 ml,2172.0,https://joola.com.br/products/kit-raquete-de-pickleball-joola-agassi-pro-16mm-mochila-joola-agassi-vision-ii-garrafa-de-agua-650-ml,Joola Brasil,https://cdn.shopify.com/s/files/1/0710/1998/7182/files/1_611bb2d8-f2c3-4ed6-bdd8-dae1a7fc7d72.jpg?v=1758133610
Joola,Kit Raquete de Pickleball  Agassi Pro 16mm + Mochila Agassi Vision II + Capa Agassi,1965.0,https://joola.com.br/products/kit-raquete-de-pickleball-joola-agassi-pro-16mm-mochila-agassi-vision-ii-capa-agassi,Joola Brasil,https://cdn.shopify.com/s/files/1/0710/1998/7182/files/1_0ea384d6-8c66-4d3a-a3fc-68d9e9ed6b0a.jpg?v=1758042964
Joola,Kit Raquete de Pickleball  Graf Pro 16mm + Mochila Agassi Vision II + Capa Agassi,1965.0,https://joola.com.br/products/kit-raquete-de-pickleball-joola-graf-pro-16mm-mochila-joola-agassi-vision-ii-capa-agassi,Joola Brasil,https://cdn.shopify.com/s/files/1/0710/1998/7182/files/1_50a588e8-43da-4f36-92d1-ba987082b4ee.jpg?v=1758041200
Joola,Fita de Proteção de Borda   para Raquete Pickleball (5m),169.0,https://joola.com.br/products/fita-de-protecao-de-borda,Joola Brasil,https://cdn.shopify.com/s/files/1/0710/1998/7182/files/Pickleball-Edge-Tape-White-24mm-5M-18905-Web-Hero-01.jpg?v=1730731643
Joola,Kit Raquete de Pickleball  Agassi Edge SS25 16mm + Capa Agassi,910.0,https://joola.com.br/products/kit-raquete-de-pickleball-agassi-edge-ss25-16mm-e-capa-agassi,Joola Brasil,https://cdn.shopify.com/s/files/1/0710/1998/7182/files/1_f8815e74-44fc-4a46-bd29-8e81bb537966.jpg?v=1757338337
Joola,Raquete de Pickleball  Graf Edge SS25 16mm + Capa Agassi,910.0,https://joola.com.br/products/raquete-de-pickleball-joola-graf-edge-ss25-16mm-capa-agassi,Joola Brasil,https://cdn.shopify.com/s/files/1/0710/1998/7182/files/1_d49c23f8-3503-464f-b4fe-f86a0a7dcf2a.jpg?v=1757340523
Joola,Raquete de Pickleball  Graf Pro 16mm + Capa Agassi,1670.0,https://joola.com.br/products/raquete-de-pickleball-joola-graf-pro-16mm-capa-agassi,Joola Brasil,https://cdn.shopify.com/s/files/1/0710/1998/7182/files/1_2f4a3928-f8e0-4b1b-b67c-b0f920dc8933.jpg?v=1757349494
Joola,Kit Raquete de Pickleball  Agassi Pro + Capa Agassi,1670.0,https://joola.com.br/products/kit-raquete-de-pickleball-joola-agassi-pro-14mm-capa-agassi,Joola Brasil,https://cdn.shopify.com/s/files/1/0710/1998/7182/files/1_fcc124da-1361-49e9-a2ff-46adc8cc9e20.jpg?v=1757351677
Joola,Capa para Raquete de Pickleball  Agassi Neoprene,159.0,https://joola.com.br/products/capa-para-raquete-de-pickleball-joola-agassi-neoprene,Joola Brasil,https://cdn.shopify.com/s/files/1/0710/1998/7182/files/capa-raqueteira-raquete-pickleball-joola-neoprene-andre-agassi-graf-preta-web1.jpg?v=1756490270
Joola,Raquete  BASEline All,299.0,https://joola.com.br/products/raquete-joola-blade-baseline-all-fl,Joola Brasil,https://cdn.shopify.com/s/files/1/0710/1998/7182/files/raquete-joola-baseline-all-tenis-mesa-ping-pong-madeira-brasil-web1.jpg?v=1756825528
Joola,Fita de Proteção de Borda  Pro IV para Raquete de Pickleball,199.0,https://joola.com.br/products/fita-de-protecao-de-borda-joola-pro-iv-para-raquete-pickleball,Joola Brasil,https://cdn.shopify.com/s/files/1/0710/1998/7182/files/a1_127d0932-2e75-4758-a675-597e2251984c.jpg?v=1754657866
Joola,Raquete  Proline AW5,799.0,https://joola.com.br/products/raquete-joola-proline-aw5,Joola Brasil,https://cdn.shopify.com/s/files/1/0710/1998/7182/files/1_ab5009ac-a2d9-4765-82ba-3c211a6a4d8e.jpg?v=1751308008
Joola,Raquete   Proline AW7,899.0,https://joola.com.br/products/raquete-joola-proline-aw7,Joola Brasil,https://cdn.shopify.com/s/files/1/0710/1998/7182/files/1_2e2eabf8-8a0d-4486-9b7a-e40e6e0729f7.jpg?v=1751309980
Joola,Cola Glue Lex Green,138.0,https://joola.com.br/products/lex-green-power-table-tennis-rubber-glue,Joola Brasil,https://cdn.shopify.com/s/files/1/0710/1998/7182/files/gluelex_100.png?v=1730729804
Joola,Raquete  Vyzaryz Freeze HRD,1169.0,https://joola.com.br/products/raquete-vyzaryz-freeze-hrd,Joola Brasil,https://cdn.shopify.com/s/files/1/0710/1998/7182/files/bladeVyzaryzFreezeHRD-Vyzaryz-Freeze-HRD-Web-01.png?v=1730730490
Joola,Raqueteira  Pro Pickleball,269.0,https://joola.com.br/products/raqueteira-joola-pro-pickleball,Joola Brasil,https://cdn.shopify.com/s/files/1/0710/1998/7182/files/capa-raqueteira-raquete-pickleball-joola-pro-web1.png?v=1756490330
Joola,Raquete de Pickleball  Ben Johns Perseus CFS (16mm),1199.0,https://joola.com.br/products/raquete-de-pickleball-ben-johns-perseus-cfs-16,Joola Brasil,https://cdn.shopify.com/s/files/1/0710/1998/7182/files/RAAAAA_1.jpg?v=1756385666
Joola,Raquete de Pickleball  Collin Johns Scorpeus CFS (16mm),959.0,https://joola.com.br/products/raquete-de-pickelball-collin-johns-scorpeus-cfs-16,Joola Brasil,https://cdn.shopify.com/s/files/1/0710/1998/7182/files/RAE2F7_1.jpg?v=1756385746
Joola,Raquete de Pickleball  Anna Bright Scorpeus CFS14,799.0,https://joola.com.br/products/raquete-de-pickleball-joola-scorpeus-anna-bright-scorpeus-cfs14,Joola Brasil,https://cdn.shopify.com/s/files/1/0710/1998/7182/files/RA99D5_1.jpg?v=1756385799
Joola,Raquete  Infinity Balance (Vermelha),349.0,https://joola.com.br/products/raquete-joola-infinity-balance-vermelha,Joola Brasil,https://cdn.shopify.com/s/files/1/0710/1998/7182/files/raquete-joola-infinity-balance-tenis-mesa-ping-pong-madeira-brasil-vermelha-web1.png?v=1755888942
Joola,Raquete  Infinity Balance (Azul),349.0,https://joola.com.br/products/raquete-joola-infinity-balance-azul,Joola Brasil,https://cdn.shopify.com/s/files/1/0710/1998/7182/files/raquete-joola-infinity-balance-tenis-mesa-ping-pong-madeira-brasil-azul-web1.jpg?v=1755888836
Joola,Raquete de Pickleball  Graf Edge SS25 (16mm),799.0,https://joola.com.br/products/raquete-de-pickleball-joola-graf-edge-ss25-16mm,Joola Brasil,https://cdn.shopify.com/s/files/1/0710/1998/7182/files/RA08F1_1.jpg?v=1756386794
Joola,"Kit de Pickleball  Tundra (2 Raquetes, 4 Bolas e 1 Bolsa)",399.0,https://joola.com.br/products/kit-de-pickleball-joola-tundra-2-raquetes-4-bolas-e-1-bolsa,Joola Brasil,https://cdn.shopify.com/s/files/1/0710/1998/7182/files/kit-set-raquete-pickleball-joola-tundra-ben-johns-bola-bolas-bolsa-brasil-web1.jpg?v=1756900896
Joola,Raquete de Pickleball  Tyson McGuffin Magnus Pro IV,1599.0,https://joola.com.br/products/raquete-de-pickleball-joola-tyson-mcguffin-magnus-pro-iv-16mm,Joola Brasil,https://cdn.shopify.com/s/files/1/0710/1998/7182/files/RAQUET_4_242efceb-7e54-4568-b190-ba308578fd09.jpg?v=1756387649
Joola,Raquete de Pickleball  Collin Johns Scorpeus Pro IV,1599.0,https://joola.com.br/products/raquete-de-pickleball-joola-collin-johns-scorpeus-iv-16mm,Joola Brasil,https://cdn.shopify.com/s/files/1/0710/1998/7182/files/RAA647_1.jpg?v=1756389683
Joola,Raquete de Pickleball  Anna Bright Scorpeus Pro IV,1599.0,https://joola.com.br/products/raquete-de-pickleball-joola-anna-bright-scorpeus-iv-14mm,Joola Brasil,https://cdn.shopify.com/s/files/1/0710/1998/7182/files/RAQUET_4_e0d1c7de-2f96-4ad8-8b41-0f33df8512ba.jpg?v=1756389835
Joola,Raquete de Pickleball  Simone Jardim Hyperion Pro IV,1599.0,https://joola.com.br/products/raquete-de-pickleball-joola-simone-jardim-hyperion-pro-iv-16mm,Joola Brasil,https://cdn.shopify.com/s/files/1/0710/1998/7182/files/RA463D_1.jpg?v=1756387468
Joola,Raquete de Pickleball  Ben Johns Hyperion Pro IV,1599.0,https://joola.com.br/products/raquete-de-pickleball-joola-ben-johns-hyperion-pro-iv-16mm,Joola Brasil,https://cdn.shopify.com/s/files/1/0710/1998/7182/files/RAQUET_1_a90e8990-db20-427a-86b6-c3c77a91930e.jpg?v=1756387242
Joola,Raquete  Vyzaryz Trinity,1299.0,https://joola.com.br/products/raquete-joola-vyzaryz-trinity,Joola Brasil,https://cdn.shopify.com/s/files/1/0710/1998/7182/files/bladeVyzaryzTrinity_01.png?v=1730729649
Joola,Raquete de Pickleball  Graf Pro (16mm),1599.0,https://joola.com.br/products/raquete-de-pickleball-joola-graf-iv-16mm,Joola Brasil,https://cdn.shopify.com/s/files/1/0710/1998/7182/files/RA9FC4_1.jpg?v=1756386899
Joola,Raquete de Pickleball  Agassi Pro,1599.0,https://joola.com.br/products/raquete-de-pickleball-joola-agassi-pro-14mm,Joola Brasil,https://cdn.shopify.com/s/files/1/0710/1998/7182/files/raquete-pickleball-joola-agassi-pro-14mm-andre-textured-carbon-fiber-grip-chip-nfc-upaa-usap-pbcor43-brasil-web1.jpg?v=1756386643
Joola,Raquete de Pickleball  Ben Johns Perseus Pro IV,1599.0,https://joola.com.br/products/raquete-de-pickleball-joola-ben-johns-perseus-pro-iv-16mm,Joola Brasil,https://cdn.shopify.com/s/files/1/0710/1998/7182/files/RAQUET_3_ca9970d8-4b1f-4710-bfc4-2b354ac316ac.jpg?v=1756388449
Joola,Raquete de Pickleball   Graf Champion SS25 (12mm),449.0,https://joola.com.br/products/raquete-de-pickleball-joola-graf-champion-12mm,Joola Brasil,https://cdn.shopify.com/s/files/1/0710/1998/7182/files/RAQUET_1_03fb99b1-7846-4561-8092-57d245b900c9.jpg?v=1756409608
Joola,Raquete de Pickleball  Agassi Champion SS25 (12mm),449.0,https://joola.com.br/products/raquete-de-pickleball-joola-agassi-champion-12mm,Joola Brasil,https://cdn.shopify.com/s/files/1/0710/1998/7182/files/RAF41E_1.jpg?v=1756409550
Joola,Raquete de Pickleball   Agassi Edge SS25 (16mm),799.0,https://joola.com.br/products/raquete-de-pickleball-joola-agassi-edge-ss25-16mm,Joola Brasil,https://cdn.shopify.com/s/files/1/0710/1998/7182/files/RA4F03_1.jpg?v=1756386515
Joola,Kit de Pickleball  Agassi/Graf Champion Set SS25,809.0,https://joola.com.br/products/kit-de-pickleball-joola-agassi-graf-champion-set-ss25,Joola Brasil,https://cdn.shopify.com/s/files/1/0710/1998/7182/files/300663_JOOLA_Agassi-Graf-Champion-Set-SS25_01_web.jpg?v=1739816384
Joola,Adicional: Serviço de Montagem de Raquete (Azul no Forehand),50.0,https://joola.com.br/products/racket-assembly-service-blue-on-forehand,Joola Brasil,https://cdn.shopify.com/s/files/1/0710/1998/7182/files/Assembly-Black_01_f990627a-c650-40c4-8056-7fba98d2b45c.jpg?v=1730730636
Joola,Borracha  Vizon,147.0,https://joola.com.br/products/borracha-joola-vizon,Joola Brasil,https://cdn.shopify.com/s/files/1/0710/1998/7182/files/70019_JOOLA_Vizon_01_web.jpg?v=1736776066
Joola,Raqueteira (Capa) para Raquete de Tênis de Mesa Pocket,99.0,https://joola.com.br/products/raqueteira-capa-para-raquete-tenis-de-mesa-pocket-cor-azul,Joola Brasil,https://cdn.shopify.com/s/files/1/0710/1998/7182/files/80500_JOOOL_Cover-Pocket_06_4f7bf3e6-c62d-4d93-a03b-e0d64ba74bcd.jpg?v=1754424970
Joola,Adicional: Serviço de Montagem de Raquete (Lilás no Forehand),50.0,https://joola.com.br/products/servico-de-montagem-de-raquete-lilas-no-forehand,Joola Brasil,https://cdn.shopify.com/s/files/1/0710/1998/7182/files/Assembly-Black_01_debfd519-a2cd-4af5-a929-06ab68d377b3.jpg?v=1730730645
Joola,Kit com 2 Raquetes e 3 Bolas e uma Capa Duo Set Carbon,499.0,https://joola.com.br/products/kit-de-raquetes-duo-set-carbon,Joola Brasil,https://cdn.shopify.com/s/files/1/0710/1998/7182/files/KIT-SE_2_66da1bc3-6799-4f4f-adb5-a4795c64f97f.jpg?v=1756492697
Joola,Rubber Cleaner Set (125ml),109.0,https://joola.com.br/products/joola-rubber-cleaner-set-125ml,Joola Brasil,https://cdn.shopify.com/s/files/1/0710/1998/7182/files/84052_JOOLA_Pro-Cleaner-Set_01_web.jpg?v=1732814169
Joola,Kit com 2 Raquetes e 3 Bolas e uma Capa  Vivid Outdoor,255.0,https://joola.com.br/products/kit-de-raquetes-joola-vivid-outdoor,Joola Brasil,https://cdn.shopify.com/s/files/1/0710/1998/7182/files/KIA686_1.jpg?v=1766775705
Joola,Raquete de Pickleball  Simone Jardim Hyperion 3S (16mm),1299.0,https://joola.com.br/products/raquete-de-pickleball-simone-jardim-hyperion-3s-16mm,Joola Brasil,https://cdn.shopify.com/s/files/1/0710/1998/7182/files/RAB2FC_1.jpg?v=1756384584
Joola,Raquete de Pickleball  Anna Bright Scorpeus 3S (14mm),1299.0,https://joola.com.br/products/raquete-de-pickleball-anna-bright-scorpeus-3s-14mm,Joola Brasil,https://cdn.shopify.com/s/files/1/0710/1998/7182/files/RA8949_1.jpg?v=1756384515
Joola,Raquete de Pickleball  Essentials,249.0,https://joola.com.br/products/raquete-de-pickleball-essentials,Joola Brasil,https://cdn.shopify.com/s/files/1/0710/1998/7182/files/pickleballpaddleEssentials-hero.png?v=1730730502
Joola,Borracha  Dynaryz CMD,409.0,https://joola.com.br/products/borracha-joola-dynaryz-cmd,Joola Brasil,https://cdn.shopify.com/s/files/1/0710/1998/7182/files/70531_JOOLA_Dynaryz-CMD_01_web_ea9338c9-53b3-46d7-8472-ae0e0ad87992.jpg?v=1736774341
Joola,Borracha  Dynaryz AGR,409.0,https://joola.com.br/products/borracha-joola-dynaryz-agr,Joola Brasil,https://cdn.shopify.com/s/files/1/0710/1998/7182/files/70511_JOOLA_Dynaryz-AGR_01_web_3b6ecfa2-c915-4662-bf49-e5ef23c90d1a.jpg?v=1736774237
Joola,Borracha  Express Ultra (Pino Curto),299.0,https://joola.com.br/products/borracha-joola-express-ultra,Joola Brasil,https://cdn.shopify.com/s/files/1/0710/1998/7182/files/70130_JOOLA_Express-Ultra_01_web.jpg?v=1736777573
Joola,Borracha  Dynaryz ZGR,419.0,https://joola.com.br/products/borracha-joola-dynaryz-zgr,Joola Brasil,https://cdn.shopify.com/s/files/1/0710/1998/7182/files/70521_JOOLA_DynaryzZGR_01_web.jpg?v=1736778449
Joola,Borracha  Dynaryz Inferno,409.0,https://joola.com.br/products/borracha-joola-dynaryz-inferno,Joola Brasil,https://cdn.shopify.com/s/files/1/0710/1998/7182/files/borracha-joola-tenis-mesa-dynaryz-inferno-rubber-brasil-lilas-web1.jpg?v=1756496262
Joola,Borracha  Tronix ZGR,359.0,https://joola.com.br/products/borracha-joola-tronix-zgr,Joola Brasil,https://cdn.shopify.com/s/files/1/0710/1998/7182/files/70598_JOOLA_Tronix-ZGR_01_web.jpg?v=1736772306
Joola,Borracha  Tronix ACC,359.0,https://joola.com.br/products/borracha-joola-tronix-acc,Joola Brasil,https://cdn.shopify.com/s/files/1/0710/1998/7182/files/70592_JOOLA_Tronix-ACC_01_web.jpg?v=1736769857
Joola,Borracha  Tronix CMD,359.0,https://joola.com.br/products/borracha-joola-tronix-cmd,Joola Brasil,https://cdn.shopify.com/s/files/1/0710/1998/7182/files/70586_JOOLA_Tronix-CMD_01_web.jpg?v=1736770282
Joola,Borracha  Dynaryz ZGX,419.0,https://joola.com.br/products/borracha-joola-dynaryz-zgx,Joola Brasil,https://cdn.shopify.com/s/files/1/0710/1998/7182/files/borracha-joola-tenis-mesa-dynaryz-zgx-rubber-brasil-preto-web1.jpg?v=1756493872
Joola,Raquete  Tezzo Warrior,629.0,https://joola.com.br/products/raquete-joola-tezzo-warrior,Joola Brasil,https://cdn.shopify.com/s/files/1/0710/1998/7182/files/Tezzo-Warrior-Blade-61210-Web-01.png?v=1730732052
Joola,"Kit de Pickleball  Ben Johns Blue Lightning (2 Raquetes, 4 Bolas e 1 Bolsa)",399.0,https://joola.com.br/products/kit-de-pickleball-ben-johns-blue-lightning,Joola Brasil,https://cdn.shopify.com/s/files/1/0710/1998/7182/files/kit-set-raquete-pickleball-joola-ben-johns-blue-lightning-10mm-fiberglass-bola-bolsa-grip-web1.jpg?v=1756409948
Joola,Fita para Raquete de Tênis de Mesa Dynaryz,89.0,https://joola.com.br/products/fita-joola-dynaryz,Joola Brasil,https://cdn.shopify.com/s/files/1/0710/1998/7182/files/edgetapeDynaryz_01_56a2768a-6d9c-4e57-89cd-0f453a7f2351.png?v=1730733233
Joola,Fita para Raquete de Tênis de Mesa '20,89.0,https://joola.com.br/products/fita-joola-20,Joola Brasil,https://cdn.shopify.com/s/files/1/0710/1998/7182/files/edgetapeJoola2020_01_aaa3b2b9-ebbc-4ab6-8a44-353c32871cbc.png?v=1730731989
Joola,Raquete de Pickleball  Seneca FDS (14mm),249.0,https://joola.com.br/products/raquete-de-pickleball-seneca-fds-14,Joola Brasil,https://cdn.shopify.com/s/files/1/0710/1998/7182/files/raquete-pickleball-joola-seneca-fds-14mm-fiberglass-drive-surface-grip-brasil-web1.jpg?v=1756389923
Joola,Adicional: Serviço de Montagem de Raquete (Vermelho no Forehand),50.0,https://joola.com.br/products/servico-de-montagem-de-raquete-vermelho-no-forehand,Joola Brasil,https://cdn.shopify.com/s/files/1/0710/1998/7182/files/Assembly-Black_01_ee5f3a08-1caa-4733-a1ba-8b891318cb71.jpg?v=1730730654
Joola,"Kit de Pickleball  Essentials (2 Raquetes, 2 Bolas e 1 Bolsa)",599.0,https://joola.com.br/products/kit-de-raquete-de-pickleball-essentials,Joola Brasil,https://cdn.shopify.com/s/files/1/0710/1998/7182/files/Essentials-Set-18523-01.png?v=1730730516
Joola,Blade Varnish  - Seladora Verniz para Madeira de Tênis de Mesa,109.0,https://joola.com.br/products/blade-varnish-joola-seladora-verniz,Joola Brasil,https://cdn.shopify.com/s/files/1/0710/1998/7182/files/82100_JOOLA_Holzversiegelung_01_web.jpg?v=1747847328
Joola,Kit de Raquetes Family Set - Maleta com 4 Raquetes e 10 Bolas,255.0,https://joola.com.br/products/kit-de-raquetes-family-set,Joola Brasil,https://cdn.shopify.com/s/files/1/0710/1998/7182/files/KIT-SE_1_9c56d604-cc5c-4c02-88c4-eb0465dea513.jpg?v=1760461093
Joola,Borracha  CWX (Pino Longo),299.0,https://joola.com.br/products/borracha-joola-cwx,Joola Brasil,https://cdn.shopify.com/s/files/1/0710/1998/7182/files/71238_JOOLA_CWX_01_web.jpg?v=1736777277
